team,player,espn_id,status,updated,comment
ATL,Henri Veesaar,5105571,Out,2026-09-21T19:50Z,"Veesaar was diagnosed with a torn right ACL and is expected to miss the 2026-27 season, the Hawks announced Monday."
ATL,Keshon Gilbert,4585618,Day-To-Day,2026-07-18T23:19Z,"Gilbert (hip) won't play in Saturday's Las Vegas Summer League game against the Wizards, Brad Rowland of the Locked On Podcast Network reports."
ATL,Mouhamed Gueye,4712863,Day-To-Day,2026-07-19T00:14Z,"Gueye underwent surgery Tuesday to repair a fractured left foot that he suffered during a workout last week, Brad Rowland of the Locked On Podcast Network reports."
ATL,RayJ Dennis,4431941,Day-To-Day,2026-07-18T23:18Z,"Dennis (Achilles) has been ruled out for Saturday's Summer League game against the Wizards, Brad Rowland of the Locked On Podcast Network reports."
BKN,Joshua Jefferson,4870564,Day-To-Day,2026-10-05T16:55Z,"Jefferson (lower back) is out for Tuesday's preseason game against Charlotte, Brian Lewis of the New York Post reports."
BKN,Mikel Brown Jr.,5101761,Day-To-Day,2026-10-05T16:51Z,"Brown (ankle) will miss Tuesday's preseason game against the Hornets, Brian Lewis of the New York Post reports."
CHA,Grant Williams,4066218,Day-To-Day,2026-09-25T23:03Z,"Williams will miss the preseason after suffering a right hamstring injury, the Hornets announced Friday."
CHA,Kon Knueppel,5061575,Day-To-Day,2026-09-28T14:25Z,"Hornets general manager Jeff Peterson said Monday that he ""doesn't know"" whether Knueppel (hamstring) will be available for the team's regular-season opener against the Nets, Owen Watterson of SI.com reports."
CHA,PJ Hall,4701225,Day-To-Day,2026-06-16T14:32Z,The Hornets announced Thursday that Hall underwent a procedure to address a fractured right ankle and will miss the remainder of the 2025-26 campaign.
CHI,Zach Collins,4066650,Day-To-Day,2026-09-28T23:31Z,"Head coach Tiago Splitter said Monday that Collins (toe) is dealing with a soft tissue injury and isn't expected to practice Tuesday, K.C. Johnson of Chicago Sports Network reports."
CLE,Peyton Watson,4576087,Day-To-Day,2026-09-25T22:58Z,"Although head coach Kenny Atkinson said the starting lineup for the beginning of the 2026-27 season is not yet set, he praised Watson's (hamstring) fit in Cleveland and added that ""there's a lot of room for growth in his offensive game,"" Chris Fedor of Cleveland.com reports."
DAL,Dereck Lively II,4683688,Day-To-Day,2026-09-25T15:34Z,"Mavericks president Masai Ujiri said Friday that Lively (foot) is ""making good progress"" in his recovery, Mike Curtis of The Dallas Morning News reports."
DAL,Kyrie Irving,6442,Day-To-Day,2026-09-25T15:38Z,"Mavericks president Masai Ujiri offered an encouraging update on Irving's recovery Friday, saying the veteran guard is ""right there"" as he works toward returning to game action, Mike Curtis of The Dallas Morning News reports."
DAL,Morez Johnson Jr.,4873153,Day-To-Day,2026-10-01T01:45Z,"Head coach Dusty May said Wednesday that Johnson has been limited in training camp due to lower-leg soreness, Ron Harrod Jr. of DLLS Sports reports."
DAL,Santi Aldama,4593125,Day-To-Day,2026-09-26T18:15Z,"Aldama (undisclosed) was limited during Saturday's practice, Noah Weber of TheSmokingCuban.com reported."
DEN,Jamal Murray,3936299,Day-To-Day,2026-10-04T21:58Z,"Murray is out for Sunday's preseason opener against the Jazz due to personal reasons, Katy Winge of Altitude Sports reports."
DEN,Spencer Jones,4592427,Day-To-Day,2026-10-04T22:00Z,"Jones (hamstring) has been ruled out for Sunday's preseason game against the Jazz, Katy Winge of Altitude Sports reports."
DET,Jalen Duren,4433621,Day-To-Day,2026-10-05T15:06Z,"Duren was spotted back at practice Monday, Hunter Patterson of The Athletic reports."
GSW,Jimmy Butler III,6430,Out,2026-10-02T18:48Z,"The Warriors hope to have Butler (knee) back early in 2027, per Keith Watkins of Yahoo Sports."
GSW,Kristaps Porzingis,3102531,Day-To-Day,2026-09-28T15:15Z,"Porzingis is out indefinitely due to an undisclosed issue, Anthony Slater of ESPN.com reports."
GSW,Moses Moody,4432171,Out,2026-09-28T15:06Z,"Moody has progressed to light on-court activities as he continues his recovery from a ruptured left patellar tendon, Evan Webeck of The Mercury News reports."
IND,Johnny Furphy,5157066,Out,2026-02-09T21:43Z,"Furphy was diagnosed with a torn right ACL on Monday and will miss the remainder of the season, Michael Scotto of USA Today reports."
IND,Larry Nance Jr.,2580365,Day-To-Day,2026-10-04T15:17Z,"Nance (hamstring) won't participate in Sunday's scrimmage, Tony East of Forbes.com reports."
IND,Quenton Jackson,4592829,Day-To-Day,2026-10-04T15:25Z,"Jackson (undisclosed) won't participate in Sunday's scrimmage, Tony East of Forbes.com reports."
IND,T.J. McConnell,2530530,Day-To-Day,2026-10-04T15:21Z,"McConnell (undisclosed) will not participate in Sunday's scrimmage, Tony East of Forbes.com reports."
LAC,Bradley Beal,6580,Day-To-Day,2026-09-28T18:12Z,"Beal (knee) will miss the start of training camp, Law Murray of The Athletic reports."
LAC,Brandon Ingram,3913176,Out,2026-09-28T18:01Z,"Ingram won't be ready for the start of the season due to a partially torn Achilles, per Joey Linn of SI.com."
LAC,Jordan Miller,4396818,Out,2026-08-26T20:04Z,"Miller underwent surgery Wednesday to repair a torn left rotator cuff and will be re-evaluated in six months, per Law Murray of The Athletic."
LAC,Kobe Sanders,4702352,Day-To-Day,2026-10-03T20:11Z,"Sanders won't play in Sunday's preseason game against the Warriors due to a left hip impingement, Joey Linn of SI.com reports."
LAC,Max Strus,4065778,Day-To-Day,2026-10-04T23:41Z,"Strus will not return to Sunday's preseason game against the Warriors due to a right foot injury, Ohm Youngmisuk of ESPN.com reports."
LAC,Yanic Konan Niederhauser,5108024,Out,2026-09-28T18:07Z,"Niederhauser (foot) won't be ready for the start of the season, Law Murray of The Athletic reports."
MEM,Karim Lopez,5231919,Day-To-Day,2026-07-20T00:57Z,"Lopez (undisclosed) is out for Sunday's Summer League championship game against the Warriors, Drew Hill of The Daily Memphian reports."
MEM,Micah Peavy,4432185,Day-To-Day,2026-09-28T16:31Z,"General manager Zach Kleiman said Monday that Peavy recently turned his ankle and it'll be ""some time"" before the team gets a full look at him, Damichael Cole of The Memphis Commercial Appeal reports."
MEM,Zach Edey,4600663,Day-To-Day,2026-10-02T20:16Z,"Edey (ankle) remains on track for Opening Night, per Drew Hill of The Daily Memphian."
MIA,Dru Smith,4066993,Day-To-Day,2026-10-01T16:15Z,"Smith will miss a couple weeks with a strained right calf, Ira Winderman of the South Florida Sun Sentinel reports."
MIA,Keshad Johnson,4431786,Out,2026-10-02T17:05Z,"Johnson will be sidelined a few weeks with a right hamstring strain, Anthony Chiang of the Miami Herald reports."
MIN,Donte DiVincenzo,3934673,Out,2026-09-28T17:39Z,"Team president Tim Connelly believes DiVincenzo (Achilles) will return at some point this season, Jack Borman of the Locked On Wolves Podcast reports."
NOP,Bryce McGowens,4576086,Day-To-Day,2026-06-16T14:36Z,McGowens (toe) is out for Sunday's game against the Timberwolves.
NYK,Drew Eubanks,3914285,Day-To-Day,2026-09-16T01:15Z,"Eubanks (thumb) agreed to a training camp contract with the Knicks on Tuesday, Ian Begley of SportsNet New York reports."
OKC,Nikola Topic,5159925,Day-To-Day,2026-09-24T16:01Z,"Topic (back) will be limited when training camp begins, Clemente Almanza of USA Today reports"
OKC,Otega Oweh,5106270,Day-To-Day,2026-07-19T22:56Z,Oweh (lower leg) didn't play in Sunday's 108-90 Summer League loss to the Nets.
OKC,Thomas Sorber,5061603,Day-To-Day,2026-09-24T16:04Z,"Sorber will be limited to begin training camp, Clemente Almanza of USA Today reports."
ORL,Anthony Black,4712849,Day-To-Day,2026-10-04T16:29Z,"Black (ankle) participated in Sunday's practice and has been progressing in his ramp-up process, Jason Beede of the Orlando Sentinel reports."
ORL,Izaiyah Nelson,5107251,Out,2026-09-28T21:33Z,"Team president Jeff Weltman said Monday that Nelson (ankle) remains about a month away from returning to the court after offseason surgery, per Philip Rossman-Reich of OrlandoMagicDaily.com."
ORL,Jalen Suggs,4432165,Day-To-Day,2026-10-05T16:33Z,"Suggs remains under the weather but appears to be improving, Jason Beede of the Orlando Sentinel reports."
ORL,Jonathan Isaac,4065654,Day-To-Day,2026-09-28T17:13Z,"Isaac (knee) said he will be limited to open training camp, according to Orlando Magic Daily."
ORL,Noah Penda,5214637,Day-To-Day,2026-10-04T16:34Z,"Penda (hamstring) participated in Sunday's practice and has been progressing in his ramp-up process, Jason Beede of the Orlando Sentinel reports."
PHI,Adem Bona,5105637,Day-To-Day,2026-10-01T17:11Z,"76ers coach Nick Nurse said Bona (foot) will be re-evaluated in a couple days, Tony Jones of The Athletic reports."
PHI,Tacko Fall,3904625,Day-To-Day,2026-10-01T22:07Z,"Fall was diagnosed with a left hip strain Thursday and will miss at least two weeks, Kyle Neubeck of AllPHLY.com reports."
PHX,Mark Williams,4701232,Out,2026-09-11T16:03Z,"Williams underwent surgery Thursday to repair a torn labrum in his left shoulder and will miss an extended period of time, Shams Charania of ESPN reports."
POR,Shaedon Sharpe,4914336,Out,2026-08-24T20:23Z,"Sharpe suffered a torn meniscus in his knee and is expected to miss six months, per Shams Charania of ESPN."
SAC,Ben Simmons,3907387,Day-To-Day,2026-10-05T17:30Z,"Simmons (not injury related) is not expected to play in Monday's preseason game against the Lakers, Marc J. Spears of ESPN.com reports."
SAS,David Jones Garcia,4713010,Day-To-Day,2026-07-22T19:16Z,"Jones Garcia (ankle) agreed to a two-way contract with the Spurs on Wednesday, per Michael Scotto of HoopsHype.com."
SAS,Jayden Quaintance,5101845,Out,2026-07-19T12:33Z,"Quaintance underwent right knee surgery Wednesday and has no timetable for a return, Brett Siegel of ClutchPoints.com reports."
SAS,Tobias Harris,6440,Day-To-Day,2026-10-05T01:27Z,"Spurs head coach Mitch Johnson said they will not rush Tobias Harris (calf) back to the court, Jared Weiss of The Athletic reports."
TOR,Alijah Martin,4702656,Day-To-Day,2026-10-04T02:51Z,Martin (knee) didn't play in Saturday's preseason game against the Heat.
TOR,Allen Graves,5149115,Day-To-Day,2026-10-03T21:30Z,"Graves (groin) has been ruled out for Saturday's preseason game against the Heat, Josh Lewenberg of TSN.ca reports."
TOR,Jamison Battle,4431893,Day-To-Day,2026-10-03T21:35Z,"Battle (back) has been ruled out for Saturday's preseason game against the Heat, Josh Lewenberg of TSN.ca reports."
TOR,Kawhi Leonard,6450,Day-To-Day,2026-10-03T21:27Z,"Leonard (not injury related) won't play in Saturday's preseason opener against Miami and is unlikely to suit up for next Saturday's preseason game against the Clippers, Josh Lewenberg of TSN.ca reports."
TOR,Kyle Anderson,2993874,Day-To-Day,2026-10-03T21:32Z,"Anderson (knee) has been ruled out for Saturday's preseason game against the Heat, Josh Lewenberg of TSN.ca reports."
TOR,Nate Bittle,4432586,Day-To-Day,2026-10-04T02:56Z,Bittle (foot) did not play in Saturday's 129-105 preseason loss to the Heat.
TOR,Trayce Jackson-Davis,4431684,Day-To-Day,2026-10-03T21:35Z,"Jackson-Davis won't play against the Heat in Saturday's preseason game due to undisclosed reasons, according to Josh Lewenberg of TSN.ca."
UTA,Brice Sensabaugh,5105839,Day-To-Day,2026-10-04T21:49Z,"Sensabaugh won't play in Sunday's preseason opener against the Nuggets due to a left hip injury, Shreyas Laddha of The Salt Lake Tribune reports."
UTA,Josh Green,4432811,Day-To-Day,2026-10-04T21:50Z,"Green (knee) has been ruled out for Sunday's preseason game against the Nuggets, Shreyas Laddha of The Salt Lake Tribune reports."
UTA,Kyle Filipowski,4684793,Day-To-Day,2026-10-04T21:46Z,"Filipowski is out for Sunday's preseason opener against the Nuggets due to a lower back issue, Shreyas Laddha of The Salt Lake Tribune reports."
WAS,Alex Sarr,5160992,Day-To-Day,2026-10-05T03:39Z,"Sarr (foot) is expected to begin contact work soon after undergoing surgery this offseason, Josh Robbins of The Athletic reports."
WAS,Jamir Watkins,4606840,Out,2026-07-30T20:11Z,The Wizards announced Thursday that Watkins has undergone surgery for a torn ACL.
WAS,Tristan Vukcevic,4997537,Out,2026-10-01T19:11Z,The Wizards announced Thursday that Vukcevic (hip) will be re-evaluated in four weeks.
