date,batter,player_id,game_pk,stat,line,side,book,odds,model_prob,bet_prob,fair_prob,edge,ev,tier,rating,devigged,delivery,run_id,rank,points,fit_pts,fit_rv,category,gate,arm_tier
2026-08-18,Austin Riley,663586,823667,2B,0.5,over,draftkings,453.0,0.2199,,0.1811,0.0388,0.216,Pass,HOLD,True,,,,,,,batter,,
2026-08-18,Austin Riley,663586,823667,HR,0.5,over,williamhill_us,475.0,0.2193,,0.1911,0.0282,0.261,Pass,HOLD,False,,,,,,,batter,,
2026-08-18,Austin Riley,663586,823667,HRR,1.5,over,bovada,110.0,0.5206,,0.4492,0.0714,0.0933,Pass,HOLD,True,,,,,,,batter,,
2026-08-18,Austin Riley,663586,823667,RBI,0.5,over,draftkings,195.0,0.3816,,0.3215,0.0601,0.1259,Pass,HOLD,True,,,,,,,batter,,
2026-08-18,Brice Turang,668930,823749,1B,0.5,over,draftkings,-109.0,0.5843,,0.4912,0.093,0.1203,Pass,HOLD,True,,,,,,,batter,,
2026-08-18,Brice Turang,668930,823749,HR,0.5,over,betrivers,550.0,0.137,,0.1713,-0.0343,-0.1095,Pass,HOLD,False,,,,,,,batter,,
2026-08-18,Brice Turang,668930,823749,HRR,1.5,over,betmgm,-118.0,0.5892,,0.5126,0.0767,0.0886,Pass,HOLD,True,,,,,,,batter,,
2026-08-18,Brice Turang,668930,823749,TB,1.5,over,betonlineag,130.0,0.4793,,0.4153,0.0641,0.1025,Pass,HOLD,True,,,,,,,batter,,
2026-08-18,Drake Baldwin,686948,823667,1B,0.5,over,draftkings,-107.0,0.6501,,0.5066,0.1435,0.2577,Pass,HOLD,True,,,,,,,batter,,
2026-08-18,Drake Baldwin,686948,823667,H,1.5,over,betrivers,180.0,0.4636,,0.3419,0.1216,0.2979,Pass,HOLD,False,,,,,,,batter,,
2026-08-18,Drake Baldwin,686948,823667,HR,0.5,over,williamhill_us,370.0,0.1998,,0.2257,-0.0258,-0.0607,Pass,HOLD,False,,,,,,,batter,,
2026-08-18,Drake Baldwin,686948,823667,HRR,2.5,over,betonlineag,125.0,0.5379,,0.4266,0.1113,0.2102,Pass,HOLD,True,,,,,,,batter,,
2026-08-18,Jake Bauers,641343,823749,HR,0.5,over,betrivers,430.0,0.2517,,0.2224,0.0293,0.3343,Moderate buy,HOLD,False,,,,,,,batter,,
2026-08-18,Jake Bauers,641343,823749,HRR,1.5,over,betmgm,105.0,0.5873,,0.4725,0.1148,0.2039,Pass,HOLD,True,,,,,,,batter,,
2026-08-18,Jake Bauers,641343,823749,RBI,0.5,over,betrivers,195.0,0.4315,,0.3561,0.0753,0.2728,Strong buy,HOLD,False,,,,,,,batter,,
2026-08-18,Jake Bauers,641343,823749,TB,1.5,over,betonlineag,146.0,0.5016,,0.3939,0.1077,0.2339,Pass,HOLD,True,,,,,,,batter,,
2026-08-18,Matt Olson,621566,823667,HR,0.5,over,williamhill_us,280.0,0.5145,,0.2732,0.2413,0.9553,Pass,BUY,False,,,,,,,batter,,
2026-08-18,Matt Olson,621566,823667,HRR,1.5,over,betonlineag,-130.0,0.6339,,0.5307,0.1032,0.1214,Pass,BUY,True,,,,,,,batter,,
2026-08-18,Matt Olson,621566,823667,RBI,0.5,over,draftkings,141.0,0.6118,,0.4105,0.2012,0.4744,Pass,BUY,True,,,,,,,batter,,
2026-08-18,Matt Olson,621566,823667,TB,1.5,over,betonlineag,107.0,0.6417,,0.4624,0.1793,0.3284,Pass,BUY,True,,,,,,,batter,,
2026-08-18,Max Muncy,571970,824319,HR,0.5,over,betrivers,285.0,0.4358,,0.2805,0.1553,0.6776,Pass,BUY,False,,,,,,,batter,,
2026-08-18,Max Muncy,571970,824319,HRR,2.5,over,betmgm,110.0,0.6105,,0.4734,0.137,0.282,Pass,BUY,True,,,,,,,batter,,
2026-08-18,Max Muncy,571970,824319,RBI,0.5,over,draftkings,-106.0,0.5968,,0.4767,0.1201,0.1599,Pass,BUY,True,,,,,,,batter,,
2026-08-18,Max Muncy,571970,824319,TB,1.5,over,betrivers,-107.0,0.6105,,0.4966,0.1139,0.181,Pass,BUY,False,,,,,,,batter,,
2026-08-18,Mike Yastrzemski,573262,823667,2B,0.5,over,draftkings,388.0,0.3302,,0.1951,0.1351,0.6116,Pass,HOLD,True,,,,,,,batter,,
2026-08-18,Mike Yastrzemski,573262,823667,HR,0.5,over,betrivers,540.0,0.2681,,0.1689,0.0992,0.7158,Pass,HOLD,False,,,,,,,batter,,
2026-08-18,Mike Yastrzemski,573262,823667,HRR,1.5,over,bovada,125.0,0.5881,,0.4189,0.1692,0.3232,Pass,HOLD,True,,,,,,,batter,,
2026-08-18,Mike Yastrzemski,573262,823667,TB,1.5,over,betrivers,188.0,0.5664,,0.3381,0.2283,0.6312,Pass,HOLD,False,,,,,,,batter,,
2026-08-18,Shohei Ohtani,660271,824319,H,1.5,over,betrivers,138.0,0.5974,,0.4233,0.1741,0.4217,Pass,HOLD,False,,,,,,,batter,,
2026-08-18,Shohei Ohtani,660271,824319,HR,0.5,over,williamhill_us,198.0,0.494,,0.3484,0.1456,0.4721,Pass,HOLD,False,,,,,,,batter,,
2026-08-18,Shohei Ohtani,660271,824319,HRR,2.5,over,draftkings,-143.0,0.7042,,0.5577,0.1465,0.1967,Pass,HOLD,True,,,,,,,batter,,
2026-08-18,Shohei Ohtani,660271,824319,TB,2.5,over,betonlineag,106.0,0.6417,,0.4634,0.1783,0.3219,Pass,HOLD,True,,,,,,,batter,,
2026-08-18,Willson Contreras,575929,824723,HR,0.5,over,betrivers,525.0,0.3273,,0.1958,0.1315,1.0456,Pass,HOLD,False,,,,,,,batter,,
2026-08-18,Willson Contreras,575929,824723,HRR,1.5,over,betonlineag,-120.0,0.5787,,0.5164,0.0623,0.061,Pass,HOLD,True,,,,,,,batter,,
2026-08-18,Willson Contreras,575929,824723,R,0.5,over,draftkings,117.0,0.6002,,0.4361,0.164,0.3024,Pass,HOLD,True,,,,,,,batter,,
2026-08-18,Willson Contreras,575929,824723,RBI,0.5,over,draftkings,155.0,0.4666,,0.3767,0.0898,0.1897,Pass,HOLD,True,,,,,,,batter,,
2026-08-18,Wilyer Abreu,677800,824723,HR,0.5,over,betrivers,420.0,0.3608,,0.2173,0.1435,0.8762,Pass,BUY,False,,,,,,,batter,,
2026-08-18,Wilyer Abreu,677800,824723,HRR,1.5,over,draftkings,-129.0,0.6006,,0.5359,0.0647,0.0662,Pass,BUY,True,,,,,,,batter,,
2026-08-18,Wilyer Abreu,677800,824723,R,0.5,over,draftkings,102.0,0.6036,,0.4676,0.1359,0.2192,Pass,BUY,True,,,,,,,batter,,
2026-08-18,Wilyer Abreu,677800,824723,RBI,0.5,over,draftkings,147.0,0.5153,,0.3961,0.1192,0.2729,Pass,BUY,True,,,,,,,batter,,
2026-08-19,Austin Riley,663586,823664,1B,0.5,under,betmgm,-165.0,0.654,,0.6016,0.0524,0.0504,Moderate buy,HOLD,True,,,,,,,batter,,
2026-08-19,Austin Riley,663586,823664,H,0.5,under,betonlineag,122.0,0.434,,0.4299,0.0041,-0.0365,Pass,HOLD,True,,,,,,,batter,,
2026-08-19,Austin Riley,663586,823664,HR,0.5,over,williamhill_us,475.0,0.171,,0.1911,-0.0201,-0.0167,Pass,HOLD,False,,,,,,,batter,,
2026-08-19,Austin Riley,663586,823664,HRR,1.5,over,betmgm,120.0,0.4514,,0.4349,0.0166,-0.0068,Pass,HOLD,True,,,,,,,batter,,
2026-08-19,CJ Abrams,682928,822860,HR,0.5,over,betrivers,380.0,0.298,,0.229,0.069,0.4304,Pass,BUY,False,,,,,,,batter,,
2026-08-19,CJ Abrams,682928,822860,HRR,1.5,over,draftkings,-118.0,0.5978,,0.5067,0.0912,0.1045,Pass,BUY,True,,,,,,,batter,,
2026-08-19,CJ Abrams,682928,822860,RBI,0.5,over,betrivers,185.0,0.4685,,0.3524,0.1161,0.3352,Pass,BUY,False,,,,,,,batter,,
2026-08-19,CJ Abrams,682928,822860,TB,1.5,over,betrivers,125.0,0.564,,0.4388,0.1252,0.269,Pass,BUY,False,,,,,,,batter,,
2026-08-19,Colt Keith,690993,823342,HR,0.5,over,williamhill_us,700.0,0.21,,0.1339,0.0761,0.68,Pass,HOLD,False,,,,,,,batter,,
2026-08-19,Colt Keith,690993,823342,HRR,1.5,over,draftkings,111.0,0.6499,,0.4537,0.1962,0.3712,Pass,HOLD,True,,,,,,,batter,,
2026-08-19,Colt Keith,690993,823342,RBI,0.5,over,draftkings,268.0,0.464,,0.2611,0.2029,0.7075,Pass,HOLD,True,,,,,,,batter,,
2026-08-19,Colt Keith,690993,823342,TB,1.5,over,betonlineag,161.0,0.6374,,0.3781,0.2593,0.6636,Pass,HOLD,True,,,,,,,batter,,
2026-08-19,Drake Baldwin,686948,823664,1B,0.5,over,draftkings,-104.0,0.6176,,0.4818,0.1358,0.2114,Pass,HOLD,True,,,,,,,batter,,
2026-08-19,Drake Baldwin,686948,823664,HR,0.5,over,betrivers,440.0,0.224,,0.2055,0.0185,0.2096,Pass,HOLD,False,,,,,,,batter,,
2026-08-19,Drake Baldwin,686948,823664,HRR,1.5,over,bovada,-120.0,0.5939,,0.5334,0.0605,0.0888,Pass,HOLD,True,,,,,,,batter,,
2026-08-19,Drake Baldwin,686948,823664,TB,1.5,over,draftkings,122.0,0.5325,,0.4315,0.101,0.1821,Pass,HOLD,True,,,,,,,batter,,
2026-08-19,Griffin Conine,665052,823424,HRR,1.5,over,bovada,105.0,0.6424,0.6424,0.4646,0.1778,0.3168,Pass,BUY,True,,,,,,,batter,,
2026-08-19,Griffin Conine,665052,823424,RBI,0.5,over,draftkings,164.0,0.6289,0.6289,0.3665,0.2624,0.6602,Pass,BUY,True,,,,,,,batter,,
2026-08-19,Griffin Conine,665052,823424,TB,1.5,over,betrivers,160.0,0.6371,0.6371,0.3971,0.24,0.6565,Pass,BUY,False,,,,,,,batter,,
2026-08-19,Matt Olson,621566,823664,HR,0.5,over,betrivers,325.0,0.4415,,0.2546,0.1869,0.8764,Pass,BUY,False,,,,,,,batter,,
2026-08-19,Matt Olson,621566,823664,HRR,1.5,over,draftkings,-115.0,0.5956,,0.5075,0.0881,0.1135,Pass,BUY,True,,,,,,,batter,,
2026-08-19,Matt Olson,621566,823664,RBI,0.5,over,draftkings,150.0,0.542,,0.3888,0.1532,0.355,Pass,BUY,True,,,,,,,batter,,
2026-08-19,Matt Olson,621566,823664,TB,1.5,over,betonlineag,118.0,0.6008,,0.4369,0.1639,0.3098,Pass,BUY,True,,,,,,,batter,,
2026-08-19,Mike Yastrzemski,573262,823664,2B,0.5,over,draftkings,438.0,0.23,,0.1815,0.0485,0.2374,Pass,AVOID,True,,,,,,,batter,,
2026-08-19,Mike Yastrzemski,573262,823664,HR,0.5,over,williamhill_us,575.0,0.2295,,0.1675,0.062,0.5491,Pass,AVOID,False,,,,,,,batter,,
2026-08-19,Mike Yastrzemski,573262,823664,RBI,0.5,over,draftkings,253.0,0.376,,0.2681,0.1079,0.3273,Pass,AVOID,True,,,,,,,batter,,
2026-08-19,Mike Yastrzemski,573262,823664,TB,1.5,over,betrivers,180.0,0.452,,0.3571,0.0949,0.2656,Pass,AVOID,False,,,,,,,batter,,
2026-08-19,Zach McKinstry,656716,823342,2B,0.5,over,draftkings,385.0,0.3405,,0.1957,0.1448,0.6514,Pass,HOLD,True,,,,,,,batter,,
2026-08-19,Zach McKinstry,656716,823342,BB,0.5,over,williamhill_us,255.0,0.4765,,0.2655,0.211,0.6916,Pass,HOLD,True,,,,,,,batter,,
2026-08-19,Zach McKinstry,656716,823342,HR,0.5,over,williamhill_us,950.0,0.0615,,0.0976,-0.0361,-0.3543,Pass,HOLD,False,,,,,,,batter,,
2026-08-19,Zach McKinstry,656716,823342,HRR,1.5,over,draftkings,126.0,0.6063,,0.424,0.1822,0.3702,Pass,HOLD,True,,,,,,,batter,,
2026-08-20,Isaac Paredes,670623,824153,HR,0.5,over,betrivers,480.0,0.2082,,0.1849,0.0234,0.2078,Pass,HOLD,False,,,,,,,batter,,
2026-08-20,Isaac Paredes,670623,824153,HRR,1.5,over,bovada,-105.0,0.5557,,0.4894,0.0663,0.0849,Pass,HOLD,True,,,,,,,batter,,
2026-08-20,Isaac Paredes,670623,824153,RBI,0.5,over,betrivers,180.0,0.3975,,0.3576,0.0399,0.113,Pass,HOLD,False,,,,,,,batter,,
2026-08-20,Isaac Paredes,670623,824153,TB,1.5,over,betrivers,148.0,0.4252,,0.4031,0.0221,0.0545,Pass,HOLD,False,,,,,,,batter,,
2026-08-20,Taylor Trammell,666211,824153,1B,0.5,under,betmgm,-220.0,0.7447,,0.6677,0.0769,0.0831,Strong buy,HOLD,True,,,,,,,batter,,
2026-08-20,Taylor Trammell,666211,824153,HR,0.5,over,williamhill_us,575.0,0.151,,0.1594,-0.0083,0.0196,Pass,HOLD,False,,,,,,,batter,,
2026-08-20,Taylor Trammell,666211,824153,R,0.5,over,draftkings,157.0,0.4376,,0.3711,0.0665,0.1246,Pass,HOLD,True,,,,,,,batter,,
2026-08-20,Taylor Trammell,666211,824153,TB,1.5,over,betrivers,220.0,0.3454,,0.3125,0.0329,0.1053,Pass,HOLD,False,,,,,,,batter,,
2026-08-20,Tyler Stephenson,663886,824474,2B,0.5,over,draftkings,486.0,0.213,,0.1764,0.0366,0.2482,Pass,HOLD,True,,,,,,,batter,,
2026-08-20,Tyler Stephenson,663886,824474,HR,0.5,over,betrivers,430.0,0.2865,,0.1988,0.0877,0.5184,Pass,HOLD,False,,,,,,,batter,,
2026-08-20,Tyler Stephenson,663886,824474,HRR,1.5,over,bovada,100.0,0.5662,,0.4759,0.0903,0.1324,Pass,HOLD,True,,,,,,,batter,,
2026-08-20,Tyler Stephenson,663886,824474,RBI,0.5,over,draftkings,192.0,0.4459,,0.3323,0.1136,0.302,Pass,HOLD,True,,,,,,,batter,,
2026-08-20,Yainer Diaz,673237,824153,1B,0.5,over,betmgm,-105.0,0.5512,,0.4913,0.0599,0.0762,Pass,HOLD,True,,,,,,,batter,,
2026-08-20,Yainer Diaz,673237,824153,HR,0.5,over,williamhill_us,625.0,0.1639,,0.1379,0.026,0.1883,Pass,HOLD,False,,,,,,,batter,,
2026-08-20,Yainer Diaz,673237,824153,HRR,1.5,over,williamhill_us,-109.0,0.5519,,0.4894,0.0625,0.0583,Pass,HOLD,True,,,,,,,batter,,
2026-08-20,Yainer Diaz,673237,824153,RBI,0.5,over,draftkings,208.0,0.3586,,0.3124,0.0462,0.1045,Pass,HOLD,True,,,,,,,batter,,
2026-08-20,Yordan Alvarez,670541,824153,2B,0.5,over,betmgm,340.0,0.2995,,0.2203,0.0792,0.3178,Pass,BUY,True,,,,,,,batter,,
2026-08-20,Yordan Alvarez,670541,824153,H,1.5,over,betonlineag,209.0,0.4132,,0.3177,0.0955,0.2768,Pass,BUY,True,,,,,,,batter,,
2026-08-20,Yordan Alvarez,670541,824153,HR,0.5,over,betrivers,250.0,0.3424,,0.304,0.0384,0.1986,Pass,BUY,False,,,,,,,batter,,
2026-08-20,Yordan Alvarez,670541,824153,HRR,2.5,over,bovada,115.0,0.5885,,0.4426,0.1459,0.2653,Pass,BUY,True,,,,,,,batter,,
2026-08-21,Gunnar Henderson,683002,824800,2B,0.5,over,draftkings,456.0,0.2144,0.2086,0.195,0.0136,0.1597,Pass,HOLD,True,,,,,,,batter,,
2026-08-21,Gunnar Henderson,683002,824800,BB,0.5,over,draftkings,171.0,0.4835,,0.353,0.0914,0.2042,Pass,HOLD,True,,,,,,,batter,,
2026-08-21,Gunnar Henderson,683002,824800,HRR,1.5,over,draftkings,100.0,0.5624,,0.4841,0.0548,0.0778,Pass,HOLD,True,,,,,,,batter,,
2026-08-21,Gunnar Henderson,683002,824800,R,0.5,over,draftkings,123.0,0.5508,,0.429,0.0853,0.1467,Pass,HOLD,True,,,,,,,batter,,
2026-08-21,Pete Alonso,624413,824800,HRR,1.5,over,betmgm,-120.0,0.627,,0.5168,0.0771,0.0889,Pass,BUY,True,,,,,,,batter,,
2026-08-21,Pete Alonso,624413,824800,R,0.5,over,draftkings,-107.0,0.628,,0.4893,0.0971,0.1344,Pass,BUY,True,,,,,,,batter,,
2026-08-21,Pete Alonso,624413,824800,TB,1.5,over,bovada,120.0,0.6273,,0.4353,0.1344,0.2533,Pass,BUY,True,,,,,,,batter,,
2026-08-22,Colt Keith,690993,824073,2B,0.5,over,draftkings,386.0,0.3371,0.3009,0.2162,0.0846,0.4621,Pass,AVOID,True,,,,,,,batter,,
2026-08-22,Colt Keith,690993,824073,BB,0.5,over,draftkings,246.0,0.4219,0.3796,0.2807,0.0988,0.3133,Pass,AVOID,True,,,,,,,batter,,
2026-08-22,Colt Keith,690993,824073,HRR,1.5,over,draftkings,-110.0,0.6005,0.5696,0.4973,0.0723,0.0873,Pass,AVOID,True,,,,,,,batter,,
2026-08-22,Dillon Dingler,693307,824073,1B,0.5,under,betmgm,-125.0,0.6507,0.6109,0.5179,0.0929,0.0996,Pass,HOLD,True,,,,,,,batter,,
2026-08-22,Dillon Dingler,693307,824073,H,0.5,under,betonlineag,194.0,0.3755,0.3608,0.3264,0.0343,0.0606,Pass,HOLD,True,,,,,,,batter,,
2026-08-22,Dillon Dingler,693307,824073,HRR,1.5,under,williamhill_us,112.0,0.4516,0.4493,0.4438,0.0055,-0.0475,Pass,HOLD,True,,,,,,,batter,,
2026-08-22,Junior Caminero,691406,824798,HRR,2.5,over,betmgm,120.0,0.5593,0.5199,0.4279,0.092,0.1437,Pass,BUY,True,,,,,,,batter,,
2026-08-22,Junior Caminero,691406,824798,RBI,0.5,over,draftkings,144.0,0.522,0.4849,0.3984,0.0865,0.1833,Pass,BUY,True,,,,,,,batter,,
2026-08-22,Junior Caminero,691406,824798,TB,1.5,over,betmgm,105.0,0.5758,0.5438,0.4692,0.0746,0.1148,Pass,BUY,True,,,,,,,batter,,
2026-08-22,Liam Hicks,689414,824798,BB,0.5,over,draftkings,198.0,0.5508,0.4862,0.3355,0.1507,0.449,Pass,HOLD,True,,,,,,,batter,,
2026-08-22,Liam Hicks,689414,824798,H,0.5,over,betrivers,-162.0,0.6395,0.6347,0.6236,0.0111,0.0266,Pass,HOLD,False,,,,,,,batter,,
2026-08-22,Liam Hicks,689414,824798,HRR,1.5,over,draftkings,-105.0,0.4889,0.4873,0.4836,0.0038,-0.0485,Pass,HOLD,True,,,,,,,batter,,
2026-08-22,Richie Palacios,680700,824798,BB,0.5,over,draftkings,206.0,0.4317,0.3954,0.3109,0.0845,0.2101,Pass,HOLD,True,,,,,,,batter,,
2026-08-22,Richie Palacios,680700,824798,H,0.5,over,betrivers,-127.0,0.6207,0.6012,0.5556,0.0456,0.0746,Pass,HOLD,False,,,,,,,batter,,
2026-08-22,Richie Palacios,680700,824798,HRR,1.5,over,draftkings,135.0,0.4873,0.4664,0.4175,0.0489,0.096,Pass,HOLD,True,,,,,,,batter,,
2026-08-22,Zach McKinstry,656716,824073,2B,0.5,over,draftkings,411.0,0.3371,0.2995,0.2116,0.0879,0.5302,Pass,AVOID,True,,,,,,,batter,,
2026-08-22,Zach McKinstry,656716,824073,BB,0.5,over,draftkings,264.0,0.3898,0.3525,0.2656,0.0869,0.2832,Pass,AVOID,True,,,,,,,batter,,
2026-08-22,Zach McKinstry,656716,824073,HRR,1.5,over,bovada,110.0,0.5357,0.511,0.4532,0.0578,0.0731,Pass,AVOID,True,,,,,,,batter,,
2026-08-23,Chase DeLauter,800050,824315,1B,0.5,under,betmgm,145.0,0.4797,0.4556,0.3995,0.0561,0.1163,Pass,HOLD,True,,,,,,,batter,,
2026-08-23,Chase DeLauter,800050,824315,HRR,2.5,over,bovada,-120.0,0.5626,0.5475,0.5124,0.0351,0.0038,Pass,HOLD,True,,,,,,,batter,,
2026-08-23,Chase DeLauter,800050,824315,RBI,0.5,under,betmgm,-140.0,0.647,0.6187,0.5526,0.0661,0.0606,Pass,HOLD,True,,,,,,,batter,,
2026-08-23,Fernando Tatis,665487,823258,H,1.5,over,betrivers,185.0,0.4125,0.3973,0.3618,0.0355,0.1324,Pass,BUY,False,,,,,,,batter,,
2026-08-23,Fernando Tatis,665487,823258,HRR,2.5,over,betmgm,110.0,0.5435,0.5201,0.4655,0.0546,0.0923,Pass,BUY,True,,,,,,,batter,,
2026-08-23,Fernando Tatis,665487,823258,TB,1.5,over,betmgm,-105.0,0.5863,0.5641,0.5125,0.0516,0.1014,Pass,BUY,True,,,,,,,batter,,
2026-08-23,Jackson Merrill,701538,823258,BB,0.5,over,fanatics,350.0,0.2278,0.2282,0.2292,-0.001,0.0271,Pass,BUY,True,,,,,,,batter,,
2026-08-23,Jackson Merrill,701538,823258,HRR,1.5,over,bovada,-130.0,0.5904,0.5727,0.5315,0.0412,0.0133,Pass,BUY,True,,,,,,,batter,,
2026-08-23,Jackson Merrill,701538,823258,R,0.5,over,betmgm,115.0,0.4835,0.4726,0.4473,0.0254,0.0162,Pass,BUY,True,,,,,,,batter,,
2026-08-23,Luis Rengifo,650859,823258,1B,0.5,over,betmgm,105.0,0.5203,0.5077,0.4782,0.0295,0.0407,Pass,HOLD,True,,,,,,,batter,,
2026-08-23,Luis Rengifo,650859,823258,BB,0.5,over,draftkings,341.0,0.2664,0.2549,0.2279,0.0269,0.124,Pass,HOLD,True,,,,,,,batter,,
2026-08-23,Luis Rengifo,650859,823258,HRR,1.5,over,betmgm,115.0,0.4753,0.4686,0.453,0.0156,0.0076,Pass,HOLD,True,,,,,,,batter,,
2026-08-23,Manny Machado,592518,823258,BB,0.5,over,fanatics,220.0,0.3371,0.3314,0.3182,0.0133,0.0606,Pass,HOLD,True,,,,,,,batter,,
2026-08-23,Manny Machado,592518,823258,HRR,1.5,over,williamhill_us,-132.0,0.5559,0.5493,0.5338,0.0155,-0.0346,Pass,HOLD,True,,,,,,,batter,,
2026-08-23,Manny Machado,592518,823258,TB,1.5,under,bovada,-150.0,0.6496,0.6239,0.5639,0.06,0.0398,Moderate buy,HOLD,True,,,,,,,batter,,
2026-08-23,Pete Crow-Armstrong,691718,823099,BB,0.5,over,fanatics,185.0,0.4306,0.4015,0.3335,0.068,0.1442,Pass,BUY,True,,,,,,,batter,,
2026-08-23,Pete Crow-Armstrong,691718,823099,HRR,1.5,over,bovada,-120.0,0.5958,0.573,0.5199,0.0531,0.0506,Pass,BUY,True,,,,,,,batter,,
2026-08-23,Pete Crow-Armstrong,691718,823099,TB,1.5,over,betonlineag,112.0,0.5831,0.5432,0.4501,0.0931,0.1515,Pass,BUY,True,,,,,,,batter,,
2026-08-23,Steven Kwan,680757,824315,1B,0.5,under,betmgm,165.0,0.4797,0.4513,0.3849,0.0663,0.1958,Pass,BUY,True,,,,,,,batter,,
2026-08-23,Steven Kwan,680757,824315,HRR,2.5,over,bovada,110.0,0.4536,0.453,0.4516,0.0014,-0.0487,Pass,BUY,True,,,,,,,batter,,
2026-08-23,Steven Kwan,680757,824315,TB,1.5,under,betmgm,-105.0,0.5619,0.5417,0.4945,0.0472,0.0576,Pass,BUY,True,,,,,,,batter,,
2026-08-24,CJ Abrams,682928,822695,1B,0.5,under,betmgm,-125.0,0.5544,0.5442,0.5203,0.0239,-0.0205,Pass,BUY,True,,,,,,,batter,,
2026-08-24,CJ Abrams,682928,822695,R,0.5,over,betmgm,-140.0,0.6107,0.5908,0.5446,0.0462,0.0129,Pass,BUY,True,,,,,,,batter,,
2026-08-24,CJ Abrams,682928,822695,RBI,0.5,under,betmgm,-175.0,0.65,0.6332,0.5941,0.0391,-0.0049,Pass,BUY,True,,,,,,,batter,,
2026-08-24,CJ Abrams,682928,822695,TB,1.5,over,betmgm,-105.0,0.5758,0.5456,0.4754,0.0703,0.0653,Pass,BUY,True,,,,,,,batter,,
2026-08-24,Donovan Walton,622268,824964,2B,0.5,over,draftkings,541.0,0.2193,0.2044,0.1696,0.0348,0.3103,Pass,AVOID,True,,,,,,,batter,,
2026-08-24,Donovan Walton,622268,824964,BB,0.5,over,fanatics,220.0,0.4325,0.3896,0.2894,0.1002,0.2466,Pass,AVOID,True,,,,,,,batter,,
2026-08-24,Donovan Walton,622268,824964,HRR,1.5,over,bovada,125.0,0.5414,0.5058,0.4226,0.0831,0.138,Pass,AVOID,True,,,,,,,batter,,
2026-08-24,Jeff McNeil,643446,824964,H,1.5,over,betmgm,175.0,0.4616,0.4281,0.35,0.0781,0.1772,Pass,HOLD,True,,,,,,,batter,,
2026-08-24,Jeff McNeil,643446,824964,HRR,1.5,over,draftkings,-156.0,0.6124,0.6005,0.5727,0.0278,-0.0145,Pass,HOLD,True,,,,,,,batter,,
2026-08-24,Jeff McNeil,643446,824964,HRR,2.5,over,betmgm,130.0,0.506,0.4776,0.4112,0.0664,0.0984,Pass,HOLD,True,,,,,,,batter,,
2026-08-24,Jeff McNeil,643446,824964,TB,1.5,over,betmgm,105.0,0.5758,0.5428,0.466,0.0768,0.1128,Pass,HOLD,True,,,,,,,batter,,
2026-08-24,Lawrence Butler,671732,824964,HRR,1.5,over,draftkings,-114.0,0.5927,0.5661,0.5042,0.062,0.0627,Pass,HOLD,True,,,,,,,batter,,
2026-08-24,Lawrence Butler,671732,824964,R,0.5,over,draftkings,111.0,0.5508,0.5177,0.4406,0.0771,0.0924,Pass,HOLD,True,,,,,,,batter,,
2026-08-24,Lawrence Butler,671732,824964,RBI,0.5,over,draftkings,184.0,0.4619,0.4216,0.3275,0.0941,0.1974,Pass,HOLD,True,,,,,,,batter,,
2026-08-24,Lawrence Butler,671732,824964,TB,1.5,over,draftkings,140.0,0.5758,0.5227,0.3987,0.1239,0.2544,Pass,HOLD,True,,,,,,,batter,,
2026-08-24,Miguel Vargas,678246,824557,2B,0.5,over,betmgm,375.0,0.3154,0.2831,0.2078,0.0753,0.3448,Pass,HOLD,True,,,,,,,batter,,
2026-08-24,Miguel Vargas,678246,824557,BB,0.5,over,fanatics,120.0,0.5446,0.507,0.4193,0.0877,0.1153,Pass,HOLD,True,,,,,,,batter,,
2026-08-24,Miguel Vargas,678246,824557,H,0.5,over,draftkings,-198.0,0.6458,0.6388,0.6223,0.0165,-0.0386,Pass,HOLD,True,,,,,,,batter,,
2026-08-24,Miguel Vargas,678246,824557,HRR,1.5,over,betmgm,-110.0,0.5711,0.5492,0.498,0.0512,0.0484,Pass,HOLD,True,,,,,,,batter,,
2026-08-24,Miguel Vargas,678246,824557,TB,1.5,over,betmgm,135.0,0.5758,0.5259,0.4097,0.1162,0.236,Pass,HOLD,True,,,,,,,batter,,
2026-08-24,Munetaka Murakami,808959,824557,1B,0.5,under,betmgm,-200.0,0.9815,0.8752,0.6272,0.248,0.3128,Pass,BUY,True,,,,,,,batter,,
2026-08-24,Munetaka Murakami,808959,824557,2B,0.5,over,betmgm,600.0,0.2416,0.2153,0.1538,0.0615,0.507,Pass,BUY,True,,,,,,,batter,,
2026-08-24,Munetaka Murakami,808959,824557,H,0.5,under,draftkings,133.0,0.4183,0.4134,0.4018,0.0116,-0.0368,Pass,BUY,True,,,,,,,batter,,
2026-08-24,Munetaka Murakami,808959,824557,HRR,1.5,over,bovada,-110.0,0.5855,0.5583,0.4948,0.0635,0.0659,Pass,BUY,True,,,,,,,batter,,
2026-08-24,Munetaka Murakami,808959,824557,RBI,0.5,under,fanatics,-225.0,0.6633,0.6558,0.6384,0.0174,-0.0527,Pass,BUY,True,,,,,,,batter,,
2026-08-24,Munetaka Murakami,808959,824557,TB,1.5,over,bovada,125.0,0.4873,0.4658,0.4158,0.0501,0.0481,Pass,BUY,True,,,,,,,batter,,
2026-08-24,Pete Crow-Armstrong,691718,825041,1B,0.5,under,draftkings,-130.0,0.6333,0.6004,0.5235,0.0769,0.0622,Strong buy,BUY,True,,,,,,,batter,,
2026-08-24,Pete Crow-Armstrong,691718,825041,HRR,2.5,over,draftkings,111.0,0.6595,0.5961,0.4482,0.1479,0.2578,Pass,BUY,True,,,,,,,batter,,
2026-08-24,Pete Crow-Armstrong,691718,825041,RBI,0.5,over,draftkings,143.0,0.6388,0.5638,0.3888,0.175,0.3701,Pass,BUY,True,,,,,,,batter,,
2026-08-24,Pete Crow-Armstrong,691718,825041,TB,1.5,over,betonlineag,-115.0,0.6798,0.6296,0.5123,0.1172,0.177,Pass,BUY,True,,,,,,,batter,,
2026-08-24,Seiya Suzuki,673548,825041,HRR,1.5,over,bovada,-135.0,0.6284,0.604,0.5471,0.0569,0.0514,Pass,HOLD,True,,,,,,,batter,,
2026-08-24,Seiya Suzuki,673548,825041,RBI,0.5,over,draftkings,171.0,0.5616,0.4989,0.3526,0.1463,0.3519,Pass,HOLD,True,,,,,,,batter,,
2026-08-24,Seiya Suzuki,673548,825041,TB,1.5,over,betonlineag,112.0,0.6273,0.573,0.4464,0.1266,0.2148,Pass,HOLD,True,,,,,,,batter,,
2026-08-25,Fernando Tatis,665487,823259,2B,0.5,over,draftkings,458.0,0.205,0.1976,0.1803,0.0173,0.1027,Pass,BUY,True,,,,,,,batter,,
2026-08-25,Fernando Tatis,665487,823259,HRR,1.5,over,bovada,-125.0,0.5879,0.5683,0.5226,0.0457,0.0229,Pass,BUY,True,,,,,,,batter,,
2026-08-25,Fernando Tatis,665487,823259,TB,1.5,over,draftkings,120.0,0.5548,0.5162,0.4263,0.0899,0.1357,Pass,BUY,True,,,,,,,batter,,
2026-08-25,Jackson Merrill,701538,823259,HRR,1.5,over,bovada,110.0,0.5497,0.521,0.4543,0.0668,0.0942,Pass,HOLD,True,,,,,,,batter,,
2026-08-25,Jackson Merrill,701538,823259,R,0.5,over,draftkings,145.0,0.444,0.4245,0.3792,0.0454,0.0401,Pass,HOLD,True,,,,,,,batter,,
2026-08-25,Jackson Merrill,701538,823259,TB,1.5,over,betrivers,143.0,0.4342,0.4274,0.4115,0.0158,0.0385,Pass,HOLD,False,,,,,,,batter,,
2026-08-25,Josh Naylor,647304,823098,BB,0.5,over,fanatics,250.0,0.3002,0.2899,0.2657,0.0242,0.0146,Pass,HOLD,True,,,,,,,batter,,
2026-08-25,Josh Naylor,647304,823098,HRR,1.5,over,bovada,105.0,0.5351,0.5148,0.4674,0.0474,0.0554,Pass,HOLD,True,,,,,,,batter,,
2026-08-25,Josh Naylor,647304,823098,R,0.5,over,betmgm,155.0,0.4289,0.4109,0.369,0.0419,0.0478,Pass,HOLD,True,,,,,,,batter,,
2026-08-25,Luis Rengifo,650859,823259,1B,0.5,over,draftkings,130.0,0.4692,0.4587,0.4344,0.0243,0.0551,Pass,HOLD,True,,,,,,,batter,,
2026-08-25,Luis Rengifo,650859,823259,BB,0.5,over,fanatics,250.0,0.3433,0.32,0.2657,0.0543,0.1201,Pass,HOLD,True,,,,,,,batter,,
2026-08-25,Luis Rengifo,650859,823259,R,0.5,over,draftkings,200.0,0.3932,0.3712,0.3199,0.0513,0.1137,Pass,HOLD,True,,,,,,,batter,,
2026-08-25,Shohei Ohtani,660271,824881,HRR,2.5,over,bovada,115.0,0.581,0.5402,0.445,0.0952,0.1614,Pass,BUY,True,,,,,,,batter,,
2026-08-25,Shohei Ohtani,660271,824881,RBI,0.5,over,draftkings,136.0,0.5099,0.4784,0.4048,0.0736,0.129,Pass,BUY,True,,,,,,,batter,,
2026-08-25,Shohei Ohtani,660271,824881,TB,1.5,over,betonlineag,-110.0,0.5906,0.5625,0.4972,0.0654,0.0739,Pass,BUY,True,,,,,,,batter,,
2026-08-25,Ty France,664034,823259,BB,0.5,over,fanatics,250.0,0.3908,0.3533,0.2657,0.0876,0.2366,Pass,AVOID,True,,,,,,,batter,,
2026-08-25,Ty France,664034,823259,HRR,1.5,over,bovada,110.0,0.5182,0.4977,0.4499,0.0478,0.0451,Pass,AVOID,True,,,,,,,batter,,
2026-08-25,Ty France,664034,823259,R,0.5,over,betmgm,155.0,0.415,0.4012,0.369,0.0323,0.0231,Pass,AVOID,True,,,,,,,batter,,
2026-08-26,Alec Burleson,676475,823015,1B,0.5,under,betmgm,100.0,0.5258,0.5083,0.4676,0.0408,0.0167,Pass,BUY,True,,,,,,,batter,,
2026-08-26,Alec Burleson,676475,823015,H,1.5,over,betrivers,200.0,0.3455,0.3418,0.3333,0.0085,0.0255,Pass,BUY,False,,,,,,,batter,,
2026-08-26,Alec Burleson,676475,823015,HRR,1.5,over,bovada,-120.0,0.5618,0.5506,0.5247,0.026,0.0095,Pass,BUY,True,,,,,,,batter,,
2026-08-26,Alejandro Kirk,672386,822772,1B,0.5,over,draftkings,-132.0,0.6024,0.6024,0.5354,0.067,0.0587,Pass,HOLD,True,,,,,,,batter,,
2026-08-26,Alejandro Kirk,672386,822772,HRR,1.5,over,bovada,-120.0,0.5268,0.5268,0.5207,0.0061,-0.0342,Pass,HOLD,True,,,,,,,batter,,
2026-08-26,Alejandro Kirk,672386,822772,RBI,0.5,under,betmgm,-190.0,0.6777,0.6777,0.6419,0.0358,0.0343,Moderate buy,HOLD,True,,,,,,,batter,,
2026-08-26,Colt Keith,690993,824234,HRR,1.5,over,betmgm,-105.0,0.5816,0.5524,0.4843,0.0682,0.0786,Pass,AVOID,True,,,,,,,batter,,
2026-08-26,Colt Keith,690993,824234,R,0.5,over,betmgm,155.0,0.529,0.4803,0.3666,0.1136,0.2247,Pass,AVOID,True,,,,,,,batter,,
2026-08-26,Colt Keith,690993,824234,TB,1.5,over,betrivers,185.0,0.5283,0.4778,0.3602,0.1176,0.3619,Pass,AVOID,False,,,,,,,batter,,
2026-08-26,George Springer,543807,822772,1B,0.5,over,draftkings,-110.0,0.5697,0.5697,0.4844,0.0853,0.0875,Pass,AVOID,True,,,,,,,batter,,
2026-08-26,George Springer,543807,822772,HRR,1.5,under,betmgm,100.0,0.4985,0.4985,0.4784,0.0202,-0.0029,Pass,AVOID,True,,,,,,,batter,,
2026-08-26,George Springer,543807,822772,TB,1.5,under,betonlineag,-185.0,0.6627,0.6627,0.6097,0.053,0.0209,Moderate buy,AVOID,True,,,,,,,batter,,
2026-08-26,Pete Alonso,624413,823015,BB,0.5,over,williamhill_us,196.0,0.3973,0.3736,0.3184,0.0552,0.106,Pass,HOLD,True,,,,,,,batter,,
2026-08-26,Pete Alonso,624413,823015,H,1.5,over,betrivers,195.0,0.496,0.496,0.3336,0.1624,0.4632,Pass,HOLD,False,,,,,,,batter,,
2026-08-26,Pete Alonso,624413,823015,HRR,1.5,over,bovada,-145.0,0.5814,0.5737,0.5557,0.018,-0.0307,Pass,HOLD,True,,,,,,,batter,,
2026-08-26,Pete Alonso,624413,823015,HRR,2.5,over,betmgm,125.0,0.622,0.622,0.4194,0.2026,0.3995,Pass,HOLD,True,,,,,,,batter,,
2026-08-26,Pete Alonso,624413,823015,R,0.5,over,betmgm,105.0,0.5698,0.5366,0.4592,0.0774,0.1001,Pass,HOLD,True,,,,,,,batter,,
2026-08-26,Zach McKinstry,656716,824234,2B,0.5,over,draftkings,499.0,0.2031,0.1978,0.1854,0.0124,0.185,Pass,HOLD,True,,,,,,,batter,,
2026-08-26,Zach McKinstry,656716,824234,HRR,1.5,over,draftkings,136.0,0.5297,0.4926,0.4061,0.0866,0.1626,Pass,HOLD,True,,,,,,,batter,,
2026-08-26,Zach McKinstry,656716,824234,RBI,0.5,over,draftkings,284.0,0.3028,0.2938,0.2728,0.021,0.1282,Pass,HOLD,True,,,,,,,batter,,
2026-08-27,CJ Abrams,682928,822694,HRR,2.5,under,bovada,-150.0,0.6134,0.5991,0.5656,0.0334,-0.0016,Pass,HOLD,True,,,,,,,batter,,
2026-08-27,CJ Abrams,682928,822694,RBI,0.5,under,betmgm,-165.0,0.7033,0.6677,0.5846,0.0831,0.0724,Pass,HOLD,True,,,,,,,batter,,
2026-08-27,CJ Abrams,682928,822694,TB,1.5,under,draftkings,-109.0,0.5602,0.5413,0.497,0.0443,0.0378,Pass,HOLD,True,,,,,,,batter,,
2026-08-27,Daylen Lile,695734,822694,1B,0.5,under,draftkings,-104.0,0.578,0.5505,0.4863,0.0642,0.0798,Pass,HOLD,True,,,,,,,batter,,
2026-08-27,Daylen Lile,695734,822694,HRR,1.5,under,betonlineag,120.0,0.4572,0.4475,0.4248,0.0227,-0.0155,Pass,HOLD,True,,,,,,,batter,,
2026-08-27,Daylen Lile,695734,822694,RBI,0.5,under,betmgm,-165.0,0.7033,0.6699,0.592,0.0779,0.0759,Pass,HOLD,True,,,,,,,batter,,
2026-08-27,Gabriel Moreno,672515,823179,1B,0.5,under,betmgm,115.0,0.5031,0.4818,0.432,0.0498,0.0359,Pass,HOLD,True,,,,,,,batter,,
2026-08-27,Gabriel Moreno,672515,823179,H,1.5,over,betrivers,200.0,0.3597,0.346,0.3143,0.0318,0.0381,Pass,HOLD,False,,,,,,,batter,,
2026-08-27,Gabriel Moreno,672515,823179,HRR,1.5,over,bovada,-135.0,0.572,0.562,0.5388,0.0233,-0.0217,Pass,HOLD,True,,,,,,,batter,,
2026-08-27,Isaac Paredes,670623,823503,BB,0.5,over,draftkings,214.0,0.3904,0.3669,0.312,0.0549,0.1521,Pass,HOLD,True,,,,,,,batter,,
2026-08-27,Isaac Paredes,670623,823503,HRR,1.5,over,bovada,130.0,0.5396,0.5017,0.4132,0.0884,0.1538,Pass,HOLD,True,,,,,,,batter,,
2026-08-27,Isaac Paredes,670623,823503,TB,1.5,over,betrivers,185.0,0.4614,0.436,0.3769,0.0591,0.2427,Pass,HOLD,False,,,,,,,batter,,
2026-08-27,Ryan Waldschmidt,814439,823179,H,0.5,over,draftkings,-139.0,0.5576,0.5567,0.5547,0.002,-0.0428,Pass,HOLD,True,,,,,,,batter,,
2026-08-27,Ryan Waldschmidt,814439,823179,HRR,1.5,over,bovada,130.0,0.443,0.4339,0.4127,0.0212,-0.0021,Pass,HOLD,True,,,,,,,batter,,
2026-08-27,Ryan Waldschmidt,814439,823179,RBI,0.5,under,betmgm,-400.0,0.8186,0.798,0.7499,0.0481,-0.0026,Pass,HOLD,True,,,,,,,batter,,
2026-08-27,Yordan Alvarez,670541,823503,2B,0.5,over,betmgm,425.0,0.2823,0.252,0.1811,0.0709,0.3228,Pass,BUY,True,,,,,,,batter,,
2026-08-27,Yordan Alvarez,670541,823503,HRR,1.5,over,bovada,-120.0,0.5931,0.5693,0.5139,0.0554,0.0437,Pass,BUY,True,,,,,,,batter,,
2026-08-27,Yordan Alvarez,670541,823503,TB,1.5,over,bovada,110.0,0.649,0.5906,0.4543,0.1363,0.2402,Pass,BUY,True,,,,,,,batter,,
2026-08-28,Austin Riley,663586,824877,1B,0.5,under,betmgm,-145.0,0.6382,0.6169,0.5672,0.0497,0.0424,Pass,AVOID,True,,,,,,,batter,,
2026-08-28,Austin Riley,663586,824877,H,0.5,under,fanatics,165.0,0.4255,0.4114,0.3785,0.033,0.0902,Pass,AVOID,True,,,,,,,batter,,
2026-08-28,Austin Riley,663586,824877,HRR,1.5,under,betmgm,-115.0,0.5331,0.5269,0.5124,0.0145,-0.0149,Pass,AVOID,True,,,,,,,batter,,
2026-08-28,Chase DeLauter,800050,824396,1B,0.5,under,betmgm,-105.0,0.5316,0.5161,0.4797,0.0364,0.0075,Pass,HOLD,True,,,,,,,batter,,
2026-08-28,Chase DeLauter,800050,824396,R,0.5,over,betmgm,115.0,0.4401,0.4381,0.4335,0.0046,-0.058,Pass,HOLD,True,,,,,,,batter,,
2026-08-28,Chase DeLauter,800050,824396,RBI,0.5,under,betmgm,-250.0,0.6877,0.6814,0.6667,0.0147,-0.046,Pass,HOLD,True,,,,,,,batter,,
2026-08-28,Chase DeLauter,800050,824396,TB,1.5,over,betmgm,130.0,0.4468,0.4345,0.4059,0.0286,-0.0007,Pass,HOLD,True,,,,,,,batter,,
2026-08-28,Drake Baldwin,686948,824877,1B,0.5,under,betmgm,110.0,0.5272,0.5059,0.4561,0.0498,0.0624,Pass,BUY,True,,,,,,,batter,,
2026-08-28,Drake Baldwin,686948,824877,HRR,2.5,over,draftkings,116.0,0.5307,0.5039,0.4413,0.0626,0.0884,Pass,BUY,True,,,,,,,batter,,
2026-08-28,Drake Baldwin,686948,824877,TB,1.5,over,draftkings,-109.0,0.5826,0.5556,0.4927,0.0629,0.0654,Pass,BUY,True,,,,,,,batter,,
2026-08-28,Matt Olson,621566,824877,2B,0.5,over,draftkings,367.0,0.2661,0.2491,0.2093,0.0398,0.1632,Pass,BUY,True,,,,,,,batter,,
2026-08-28,Matt Olson,621566,824877,HRR,2.5,over,betonlineag,115.0,0.6122,0.5604,0.4397,0.1207,0.2049,Pass,BUY,True,,,,,,,batter,,
2026-08-28,Matt Olson,621566,824877,RBI,0.5,over,draftkings,116.0,0.5998,0.5493,0.4314,0.1179,0.1864,Pass,BUY,True,,,,,,,batter,,
2026-08-28,Nathaniel Lowe,663993,824396,1B,0.5,under,betmgm,-135.0,0.5784,0.5651,0.5338,0.0312,-0.0164,Pass,HOLD,True,,,,,,,batter,,
2026-08-28,Nathaniel Lowe,663993,824396,HRR,1.5,over,bovada,100.0,0.4797,0.4801,0.4809,-0.0008,-0.0399,Pass,HOLD,True,,,,,,,batter,,
2026-08-28,Nathaniel Lowe,663993,824396,TB,1.5,under,williamhill_us,-193.0,0.6712,0.6567,0.6228,0.0339,-0.003,Pass,HOLD,True,,,,,,,batter,,
2026-08-28,Pete Crow-Armstrong,691718,824638,HRR,2.5,over,betmgm,115.0,0.6078,0.5585,0.4436,0.115,0.2009,Pass,HOLD,True,,,,,,,batter,,
2026-08-28,Pete Crow-Armstrong,691718,824638,RBI,0.5,over,betrivers,148.0,0.6013,0.5386,0.3924,0.1462,0.3358,Pass,HOLD,False,,,,,,,batter,,
2026-08-28,Pete Crow-Armstrong,691718,824638,TB,1.5,over,betmgm,-105.0,0.6509,0.6085,0.5095,0.0989,0.1879,Pass,HOLD,True,,,,,,,batter,,
2026-08-28,Seiya Suzuki,673548,824638,1B,0.5,under,betmgm,-110.0,0.584,0.5595,0.5023,0.0572,0.0681,Pass,HOLD,True,,,,,,,batter,,
2026-08-28,Seiya Suzuki,673548,824638,HRR,1.5,over,draftkings,-134.0,0.5658,0.5591,0.5433,0.0158,-0.0237,Pass,HOLD,True,,,,,,,batter,,
2026-08-28,Seiya Suzuki,673548,824638,TB,1.5,over,betonlineag,124.0,0.5385,0.5056,0.4288,0.0768,0.1325,Pass,HOLD,True,,,,,,,batter,,
2026-08-29,Austin Riley,663586,824874,H,0.5,under,betonlineag,147.0,0.4389,0.4235,0.3875,0.036,0.0461,Pass,HOLD,True,,,,,,,batter,,
2026-08-29,Austin Riley,663586,824874,HRR,1.5,under,betmgm,-110.0,0.5478,0.5339,0.5015,0.0324,0.0193,Pass,HOLD,True,,,,,,,batter,,
2026-08-29,Austin Riley,663586,824874,TB,1.5,under,williamhill_us,-173.0,0.6916,0.6633,0.5971,0.0661,0.0467,Pass,HOLD,True,,,,,,,batter,,
2026-08-29,Drake Baldwin,686948,824874,1B,0.5,under,draftkings,106.0,0.5148,0.4962,0.4527,0.0435,0.0221,Pass,HOLD,True,,,,,,,batter,,
2026-08-29,Drake Baldwin,686948,824874,HRR,2.5,over,bovada,120.0,0.4916,0.4746,0.4349,0.0397,0.0441,Pass,HOLD,True,,,,,,,batter,,
2026-08-29,Drake Baldwin,686948,824874,RBI,0.5,under,betmgm,-210.0,0.6963,0.6788,0.6381,0.0407,0.0021,Pass,HOLD,True,,,,,,,batter,,
2026-08-29,Drake Baldwin,686948,824874,TB,1.5,over,draftkings,-104.0,0.5411,0.5233,0.4817,0.0416,0.0265,Pass,HOLD,True,,,,,,,batter,,
2026-08-29,Drew Gilbert,687551,823176,1B,0.5,under,fanatics,-125.0,0.5703,0.552,0.5095,0.0426,-0.0063,Pass,HOLD,True,,,,,,,batter,,
2026-08-29,Drew Gilbert,687551,823176,BB,0.5,over,fanatics,145.0,0.4361,0.4181,0.376,0.0421,0.0243,Pass,HOLD,True,,,,,,,batter,,
2026-08-29,Drew Gilbert,687551,823176,R,0.5,over,draftkings,122.0,0.5248,0.4926,0.4176,0.075,0.0936,Pass,HOLD,True,,,,,,,batter,,
2026-08-29,Drew Gilbert,687551,823177,1B,0.5,over,fanatics,-115.0,0.4693,0.4757,0.4905,-0.0149,-0.1107,Pass,HOLD,True,,,,,,,batter,,
2026-08-29,Drew Gilbert,687551,823177,BB,0.5,over,draftkings,171.0,0.4087,0.3925,0.3546,0.0379,0.0636,Pass,HOLD,True,,,,,,,batter,,
2026-08-29,Drew Gilbert,687551,823177,HRR,1.5,over,bovada,105.0,0.5584,0.5349,0.4801,0.0548,0.0966,Pass,HOLD,True,,,,,,,batter,,
2026-08-29,Matt Olson,621566,824874,HRR,1.5,over,bovada,-150.0,0.5756,0.5721,0.564,0.0081,-0.0464,Pass,BUY,True,,,,,,,batter,,
2026-08-29,Matt Olson,621566,824874,HRR,2.5,over,betmgm,115.0,0.5448,0.5124,0.4367,0.0757,0.1016,Pass,BUY,True,,,,,,,batter,,
2026-08-29,Matt Olson,621566,824874,RBI,0.5,over,betrivers,125.0,0.5941,0.5442,0.4279,0.1163,0.2245,Pass,BUY,False,,,,,,,batter,,
2026-08-29,Matt Olson,621566,824874,TB,1.5,over,betonlineag,102.0,0.6049,0.5651,0.4723,0.0929,0.1416,Pass,BUY,True,,,,,,,batter,,
2026-08-29,Miguel Vargas,678246,823665,HRR,1.5,over,betmgm,-118.0,0.5817,0.5632,0.5199,0.0433,0.0404,Pass,HOLD,True,,,,,,,batter,,
2026-08-29,Miguel Vargas,678246,823665,RBI,0.5,over,betmgm,155.0,0.5603,0.5029,0.369,0.134,0.2824,Pass,HOLD,True,,,,,,,batter,,
2026-08-29,Miguel Vargas,678246,823665,TB,1.5,over,betrivers,123.0,0.6197,0.5674,0.4454,0.122,0.2654,Pass,HOLD,False,,,,,,,batter,,
2026-08-29,Mike Yastrzemski,573262,824874,2B,0.5,over,bovada,440.0,0.2094,0.2035,0.1897,0.0138,0.099,Pass,BUY,False,,,,,,,batter,,
2026-08-29,Mike Yastrzemski,573262,824874,HRR,1.5,over,bovada,115.0,0.5272,0.5024,0.4445,0.0579,0.0801,Pass,BUY,True,,,,,,,batter,,
2026-08-29,Mike Yastrzemski,573262,824874,TB,1.5,over,betrivers,165.0,0.4539,0.431,0.3774,0.0536,0.142,Pass,BUY,False,,,,,,,batter,,
2026-08-29,Munetaka Murakami,808959,823665,2B,0.5,over,betmgm,400.0,0.2855,0.2571,0.1909,0.0663,0.2857,Pass,HOLD,True,,,,,,,batter,,
2026-08-29,Munetaka Murakami,808959,823665,HRR,1.5,under,williamhill_us,101.0,0.472,0.4709,0.4685,0.0024,-0.0535,Pass,HOLD,True,,,,,,,batter,,
2026-08-29,Munetaka Murakami,808959,823665,TB,1.5,over,betmgm,115.0,0.5168,0.4952,0.4448,0.0504,0.0647,Pass,HOLD,True,,,,,,,batter,,
2026-08-29,Tristan Peters,671976,823665,2B,0.5,over,draftkings,406.0,0.2385,0.2275,0.2017,0.0258,0.151,Pass,HOLD,True,,,,,,,batter,,
2026-08-29,Tristan Peters,671976,823665,HRR,1.5,over,bovada,130.0,0.4909,0.4716,0.4265,0.0451,0.0847,Pass,HOLD,True,,,,,,,batter,,
2026-08-29,Tristan Peters,671976,823665,RBI,0.5,over,draftkings,268.0,0.3014,0.2964,0.2847,0.0117,0.0908,Pass,HOLD,True,,,,,,,batter,,
2026-08-30,Cal Raleigh,663728,822766,1B,0.5,under,betmgm,-250.0,0.7446,0.721,0.6661,0.0549,0.0095,Pass,HOLD,True,,,,,,,batter,,
2026-08-30,Cal Raleigh,663728,822766,BB,0.5,over,williamhill_us,-117.0,0.5455,0.5321,0.501,0.0311,-0.0131,Pass,HOLD,True,,,,,,,batter,,
2026-08-30,Cal Raleigh,663728,822766,H,0.5,under,betonlineag,114.0,0.5075,0.4876,0.441,0.0465,0.0434,Pass,HOLD,True,,,,,,,batter,,
2026-08-30,Cal Raleigh,663728,822766,HRR,1.5,under,bovada,-135.0,0.5573,0.5523,0.5405,0.0118,-0.0386,Pass,HOLD,True,,,,,,,batter,,
2026-08-30,Cal Raleigh,663728,822766,RBI,0.5,under,betmgm,-200.0,0.6807,0.663,0.6217,0.0413,-0.0055,Pass,HOLD,True,,,,,,,batter,,
2026-08-30,Chase DeLauter,800050,824393,H,1.5,over,betonlineag,204.0,0.3809,0.3593,0.309,0.0503,0.0924,Pass,HOLD,True,,,,,,,batter,,
2026-08-30,Chase DeLauter,800050,824393,HRR,1.5,over,bovada,-130.0,0.581,0.5695,0.5427,0.0268,0.0077,Pass,HOLD,True,,,,,,,batter,,
2026-08-30,Chase DeLauter,800050,824393,R,0.5,over,draftkings,101.0,0.5276,0.5082,0.4628,0.0453,0.0214,Pass,HOLD,True,,,,,,,batter,,
2026-08-30,Chase DeLauter,800050,824393,TB,1.5,over,betrivers,140.0,0.539,0.504,0.4225,0.0815,0.2097,Pass,HOLD,False,,,,,,,batter,,
2026-08-30,Patrick Bailey,672275,824393,HRR,1.5,over,draftkings,120.0,0.4879,0.4694,0.426,0.0433,0.0326,Pass,HOLD,True,,,,,,,batter,,
2026-08-30,Patrick Bailey,672275,824393,R,0.5,over,betmgm,160.0,0.4052,0.3929,0.3644,0.0286,0.0216,Pass,HOLD,True,,,,,,,batter,,
2026-08-30,Patrick Bailey,672275,824393,RBI,0.5,over,draftkings,232.0,0.3129,0.3065,0.2915,0.015,0.0176,Pass,HOLD,True,,,,,,,batter,,
2026-08-31,Bryce Harper,547180,825040,1B,0.5,under,draftkings,-108.0,0.5841,0.5574,0.4953,0.0621,0.0736,Pass,BUY,True,,,,,,,batter,,
2026-08-31,Bryce Harper,547180,825040,H,0.5,under,draftkings,190.0,0.3867,0.3688,0.3271,0.0417,0.0695,Pass,BUY,True,,,,,,,batter,,
2026-08-31,Bryce Harper,547180,825040,HRR,1.5,under,betmgm,110.0,0.4944,0.484,0.4598,0.0242,0.0165,Pass,BUY,True,,,,,,,batter,,
2026-08-31,Bryce Harper,547180,825040,TB,1.5,under,williamhill_us,-141.0,0.6525,0.6252,0.5613,0.0638,0.0685,Pass,BUY,True,,,,,,,batter,,
2026-08-31,Bryson Stott,681082,825040,HRR,1.5,over,bovada,-105.0,0.4899,0.488,0.4834,0.0045,-0.0473,Pass,HOLD,True,,,,,,,batter,,
2026-08-31,Bryson Stott,681082,825040,HRR,1.5,under,betmgm,-110.0,0.5106,0.5114,0.5134,-0.0019,-0.0236,Pass,HOLD,True,,,,,,,batter,,
2026-08-31,Bryson Stott,681082,825040,RBI,0.5,under,betmgm,-275.0,0.7725,0.7496,0.6962,0.0534,0.0222,Pass,HOLD,True,,,,,,,batter,,
2026-08-31,Bryson Stott,681082,825040,TB,1.5,under,betmgm,-190.0,0.6927,0.669,0.6136,0.0554,0.021,Pass,HOLD,True,,,,,,,batter,,
2026-08-31,Drew Gilbert,687551,824911,BB,0.5,over,draftkings,220.0,0.4526,0.4054,0.2954,0.11,0.2974,Pass,BUY,True,,,,,,,batter,,
2026-08-31,Drew Gilbert,687551,824911,HRR,1.5,over,betmgm,115.0,0.5543,0.5231,0.4504,0.0727,0.1247,Pass,BUY,True,,,,,,,batter,,
2026-08-31,Drew Gilbert,687551,824911,R,0.5,over,draftkings,119.0,0.5207,0.4943,0.4328,0.0615,0.0826,Pass,BUY,True,,,,,,,batter,,
2026-08-31,Drew Gilbert,687551,824911,RBI,0.5,under,betmgm,-275.0,0.7497,0.7381,0.7109,0.0272,0.0065,Pass,BUY,True,,,,,,,batter,,
2026-08-31,Eugenio Suarez,553993,824473,1B,0.5,under,betmgm,-220.0,1.0,0.8932,0.644,0.2492,0.2992,Pass,AVOID,True,,,,,,,batter,,
2026-08-31,Eugenio Suarez,553993,824473,H,0.5,under,betmgm,110.0,0.574,0.5372,0.4515,0.0857,0.1282,Pass,AVOID,True,,,,,,,batter,,
2026-08-31,Eugenio Suarez,553993,824473,HRR,1.5,under,betmgm,-145.0,0.664,0.6362,0.5714,0.0648,0.075,Pass,AVOID,True,,,,,,,batter,,
2026-08-31,Eugenio Suárez,553993,824473,1B,0.5,under,betmgm,-220.0,1.0,0.8963,0.6544,0.2419,0.3037,Pass,AVOID,True,,,,,,,batter,,
2026-08-31,Eugenio Suárez,553993,824473,H,0.5,under,betmgm,105.0,0.5625,0.5343,0.4685,0.0658,0.0953,Pass,AVOID,True,,,,,,,batter,,
2026-08-31,Eugenio Suárez,553993,824473,HRR,1.5,under,betmgm,-160.0,0.6547,0.6324,0.5802,0.0522,0.0276,Pass,AVOID,True,,,,,,,batter,,
2026-08-31,Jung Hoo Lee,808982,824911,1B,0.5,under,betmgm,115.0,0.5107,0.491,0.4449,0.0461,0.0556,Pass,BUY,True,,,,,,,batter,,
2026-08-31,Jung Hoo Lee,808982,824911,BB,0.5,over,draftkings,311.0,0.2779,0.2629,0.2282,0.0348,0.0807,Pass,BUY,True,,,,,,,batter,,
2026-08-31,Jung Hoo Lee,808982,824911,HRR,1.5,over,bovada,-115.0,0.5248,0.5195,0.5071,0.0123,-0.0288,Pass,BUY,True,,,,,,,batter,,
2026-08-31,Jung Hoo Lee,808982,824911,HRR,1.5,under,betmgm,-105.0,0.5008,0.4995,0.4963,0.0032,-0.0248,Pass,BUY,True,,,,,,,batter,,
2026-08-31,Kyle Schwarber,656941,825040,HRR,1.5,under,betmgm,105.0,0.5046,0.4929,0.4657,0.0272,0.0105,Pass,AVOID,True,,,,,,,batter,,
2026-08-31,Kyle Schwarber,656941,825040,RBI,0.5,under,betmgm,-185.0,0.6935,0.6718,0.6213,0.0505,0.035,Pass,AVOID,True,,,,,,,batter,,
2026-08-31,Kyle Schwarber,656941,825040,TB,1.5,under,bovada,-150.0,0.6771,0.6425,0.5617,0.0808,0.0709,Pass,AVOID,True,,,,,,,batter,,
2026-08-31,Rafael Devers,646240,824911,1B,0.5,under,betmgm,-125.0,0.6187,0.5917,0.5286,0.0631,0.0651,Pass,HOLD,True,,,,,,,batter,,
2026-08-31,Rafael Devers,646240,824911,H,0.5,under,betmgm,195.0,0.3809,0.3654,0.3294,0.0361,0.0781,Pass,HOLD,True,,,,,,,batter,,
2026-08-31,Rafael Devers,646240,824911,HRR,1.5,over,bovada,-130.0,0.5602,0.5511,0.5301,0.0211,-0.0249,Pass,HOLD,True,,,,,,,batter,,
2026-08-31,Rafael Devers,646240,824911,R,0.5,over,draftkings,-112.0,0.572,0.5487,0.4942,0.0545,0.0386,Pass,HOLD,True,,,,,,,batter,,
2026-08-31,Sal Stewart,701398,824473,1B,0.5,under,draftkings,-127.0,0.6062,0.5823,0.5267,0.0557,0.0408,Pass,HOLD,True,,,,,,,batter,,
2026-08-31,Sal Stewart,701398,824473,HRR,1.5,under,betmgm,-105.0,0.5131,0.5082,0.4968,0.0114,-0.0078,Pass,HOLD,True,,,,,,,batter,,
2026-08-31,Sal Stewart,701398,824473,TB,1.5,under,betmgm,-165.0,0.6704,0.6466,0.5909,0.0557,0.0385,Pass,HOLD,True,,,,,,,batter,,
2026-08-31,Tyler Stephenson,663886,824473,1B,0.5,under,draftkings,-159.0,0.6113,0.5995,0.5721,0.0275,-0.0234,Pass,HOLD,True,,,,,,,batter,,
2026-08-31,Tyler Stephenson,663886,824473,H,0.5,over,betrivers,-155.0,0.5862,0.588,0.5923,-0.0043,-0.0326,Pass,HOLD,False,,,,,,,batter,,
2026-08-31,Tyler Stephenson,663886,824473,HRR,1.5,over,draftkings,121.0,0.4713,0.4612,0.4377,0.0235,0.0193,Pass,HOLD,True,,,,,,,batter,,
2026-08-31,Tyler Stephenson,663886,824473,HRR,1.5,under,betmgm,-120.0,0.5349,0.5342,0.5327,0.0016,-0.0206,Pass,HOLD,True,,,,,,,batter,,
2026-08-31,Tyler Stephenson,663886,824473,RBI,0.5,over,draftkings,223.0,0.3134,0.3121,0.3091,0.003,0.0082,Pass,HOLD,True,,,,,,,batter,,
2026-09-01,Austin Riley,663586,822687,H,0.5,under,draftkings,157.0,0.4477,0.4257,0.3743,0.0514,0.0941,Pass,HOLD,True,,,,,,,batter,,
2026-09-01,Austin Riley,663586,822687,HRR,1.5,under,draftkings,-109.0,0.5506,0.5337,0.4943,0.0394,0.0233,Pass,HOLD,True,,,,,,,batter,,
2026-09-01,Austin Riley,663586,822687,TB,1.5,under,draftkings,-164.0,0.6888,0.659,0.5893,0.0697,0.0608,Pass,HOLD,True,,,,,,,batter,,
2026-09-01,Drake Baldwin,686948,822687,1B,0.5,under,draftkings,109.0,0.5433,0.5187,0.4613,0.0574,0.0842,Pass,HOLD,True,,,,,,,batter,,
2026-09-01,Drake Baldwin,686948,822687,HRR,2.5,over,bovada,100.0,0.4909,0.4862,0.4753,0.0109,-0.0276,Pass,HOLD,True,,,,,,,batter,,
2026-09-01,Drake Baldwin,686948,822687,RBI,0.5,under,betmgm,-165.0,0.6908,0.6631,0.5984,0.0646,0.0649,Pass,HOLD,True,,,,,,,batter,,
2026-09-01,Elly De La Cruz,682829,824472,1B,0.5,under,draftkings,-121.0,0.5887,0.5667,0.5154,0.0513,0.0351,Pass,AVOID,True,,,,,,,batter,,
2026-09-01,Elly De La Cruz,682829,824472,H,0.5,under,betonlineag,199.0,0.3856,0.3645,0.3155,0.049,0.09,Pass,AVOID,True,,,,,,,batter,,
2026-09-01,Elly De La Cruz,682829,824472,HRR,1.5,under,bovada,110.0,0.494,0.4834,0.4588,0.0247,0.0152,Pass,AVOID,True,,,,,,,batter,,
2026-09-01,Elly De La Cruz,682829,824472,TB,1.5,under,betonlineag,-130.0,0.6555,0.6182,0.5312,0.087,0.0937,Pass,AVOID,True,,,,,,,batter,,
2026-09-01,Eugenio Suarez,553993,824472,1B,0.5,under,draftkings,-212.0,0.8132,0.7583,0.6304,0.128,0.1161,Pass,AVOID,True,,,,,,,batter,,
2026-09-01,Eugenio Suarez,553993,824472,BB,0.5,over,fanatics,200.0,0.2857,0.2923,0.3077,-0.0154,-0.1231,Pass,AVOID,True,,,,,,,batter,,
2026-09-01,Eugenio Suarez,553993,824472,H,0.5,under,betonlineag,116.0,0.5405,0.5084,0.4336,0.0748,0.0982,Pass,AVOID,True,,,,,,,batter,,
2026-09-01,Eugenio Suarez,553993,824472,HRR,1.5,under,draftkings,-156.0,0.6484,0.6259,0.5733,0.0526,0.0271,Pass,AVOID,True,,,,,,,batter,,
2026-09-01,Matt Olson,621566,822687,HRR,2.5,over,bovada,110.0,0.5625,0.529,0.4509,0.0782,0.1109,Pass,HOLD,True,,,,,,,batter,,
2026-09-01,Matt Olson,621566,822687,RBI,0.5,over,draftkings,110.0,0.5879,0.5497,0.4604,0.0893,0.1543,Pass,HOLD,True,,,,,,,batter,,
2026-09-01,Matt Olson,621566,822687,TB,1.5,over,betrivers,-106.0,0.5877,0.5611,0.4992,0.062,0.0905,Pass,HOLD,False,,,,,,,batter,,
2026-09-01,Sal Stewart,701398,824472,H,0.5,under,betmgm,185.0,0.4046,0.382,0.3294,0.0526,0.0888,Pass,AVOID,True,,,,,,,batter,,
2026-09-01,Sal Stewart,701398,824472,HRR,1.5,under,bovada,115.0,0.5211,0.4989,0.4471,0.0518,0.0726,Pass,AVOID,True,,,,,,,batter,,
2026-09-01,Sal Stewart,701398,824472,RBI,0.5,under,betmgm,-165.0,0.6975,0.6726,0.6144,0.0582,0.0802,Pass,AVOID,True,,,,,,,batter,,
2026-09-01,Sal Stewart,701398,824472,TB,1.5,under,draftkings,-129.0,0.6805,0.6386,0.5409,0.0977,0.1337,Pass,AVOID,True,,,,,,,batter,,
2026-09-01,Tyler Stephenson,663886,824472,1B,0.5,under,betmgm,-140.0,0.6096,0.5946,0.5596,0.035,0.0194,Pass,AVOID,True,,,,,,,batter,,
2026-09-01,Tyler Stephenson,663886,824472,HRR,1.5,over,bovada,110.0,0.4917,0.4841,0.4663,0.0178,0.0166,Pass,AVOID,True,,,,,,,batter,,
2026-09-01,Tyler Stephenson,663886,824472,HRR,1.5,under,betmgm,-120.0,0.5224,0.5225,0.5226,-0.0001,-0.0421,Pass,AVOID,True,,,,,,,batter,,
2026-09-01,Tyler Stephenson,663886,824472,RBI,0.5,under,betmgm,-220.0,0.6975,0.688,0.6657,0.0222,0.0007,Pass,AVOID,True,,,,,,,batter,,
2026-09-01,Tyler Stephenson,663886,824472,TB,1.5,under,williamhill_us,-176.0,0.6718,0.6517,0.6048,0.0469,0.022,Pass,AVOID,True,,,,,,,batter,,
2026-09-02,Colt Keith,690993,823660,BB,0.5,over,fanatics,165.0,0.3986,0.3857,0.3555,0.0302,0.0221,Pass,HOLD,True,contradicted,,,,,,batter,,
2026-09-02,Colt Keith,690993,823660,HRR,1.5,over,betmgm,110.0,0.5756,0.5429,0.4667,0.0762,0.1401,Pass,HOLD,True,contradicted,,,,,,batter,,
2026-09-02,Colt Keith,690993,823660,TB,1.5,over,betrivers,160.0,0.572,0.5098,0.3647,0.1451,0.3254,Pass,HOLD,False,contradicted,,,,,,batter,,
2026-09-02,Colton Cowser,681297,824312,HRR,1.5,over,bovada,-120.0,0.5623,0.5494,0.5195,0.03,0.0073,Pass,HOLD,True,confirmed,,,,,,batter,,
2026-09-02,Colton Cowser,681297,824312,RBI,0.5,over,draftkings,148.0,0.4576,0.4373,0.3899,0.0474,0.0845,Pass,HOLD,True,confirmed,,,,,,batter,,
2026-09-02,Colton Cowser,681297,824312,TB,1.5,over,bovada,135.0,0.504,0.4765,0.4124,0.0641,0.1198,Pass,HOLD,True,confirmed,,,,,,batter,,
2026-09-02,Elly De La Cruz,682829,824470,H,0.5,under,betmgm,180.0,0.3934,0.3788,0.3449,0.034,0.0608,Pass,HOLD,True,confirmed,,,,,,batter,,
2026-09-02,Elly De La Cruz,682829,824470,HRR,1.5,under,betmgm,105.0,0.4886,0.484,0.4732,0.0107,-0.0078,Pass,HOLD,True,confirmed,,,,,,batter,,
2026-09-02,Elly De La Cruz,682829,824470,TB,1.5,under,betmgm,-135.0,0.6432,0.6155,0.551,0.0646,0.0715,Pass,HOLD,True,confirmed,,,,,,batter,,
2026-09-02,Kevin McGonigle,805808,823660,H,0.5,under,draftkings,176.0,0.3722,0.3639,0.3445,0.0194,0.0043,Pass,HOLD,True,contradicted,,,,,,batter,,
2026-09-02,Kevin McGonigle,805808,823660,HRR,1.5,over,betmgm,-125.0,0.5499,0.5437,0.5291,0.0146,-0.0214,Pass,HOLD,True,contradicted,,,,,,batter,,
2026-09-02,Kevin McGonigle,805808,823660,TB,1.5,under,draftkings,-149.0,0.6466,0.6229,0.5676,0.0553,0.041,Pass,HOLD,True,contradicted,,,,,,batter,,
2026-09-02,Pete Alonso,624413,824312,H,1.5,over,betrivers,140.0,0.5106,0.4828,0.4177,0.065,0.1587,Pass,BUY,False,confirmed,,,,,,batter,,
2026-09-02,Pete Alonso,624413,824312,HRR,2.5,over,betmgm,-120.0,0.6566,0.6134,0.5125,0.1009,0.1245,Pass,BUY,True,confirmed,,,,,,batter,,
2026-09-02,Pete Alonso,624413,824312,TB,2.5,over,betonlineag,126.0,0.5894,0.5414,0.4292,0.1121,0.2235,Pass,BUY,True,confirmed,,,,,,batter,,
2026-09-02,Sal Stewart,701398,824470,1B,0.5,under,betmgm,-125.0,0.6107,0.5832,0.5189,0.0643,0.0497,Pass,HOLD,True,confirmed,,,,,,batter,,
2026-09-02,Sal Stewart,701398,824470,HRR,1.5,over,bovada,-125.0,0.5585,0.5507,0.5326,0.0181,-0.0087,Pass,HOLD,True,confirmed,,,,,,batter,,
2026-09-02,Sal Stewart,701398,824470,TB,1.5,over,draftkings,116.0,0.5646,0.529,0.4459,0.0831,0.1426,Pass,HOLD,True,confirmed,,,,,,batter,,
2026-09-02,Tyler Stephenson,663886,824470,1B,0.5,under,betmgm,-155.0,0.6176,0.605,0.5755,0.0295,-0.0047,Pass,HOLD,True,confirmed,,,,,,batter,,
2026-09-02,Tyler Stephenson,663886,824470,HRR,1.5,over,bovada,105.0,0.5467,0.5246,0.473,0.0516,0.0754,Pass,HOLD,True,confirmed,,,,,,batter,,
2026-09-02,Tyler Stephenson,663886,824470,TB,1.5,over,betrivers,163.0,0.5694,0.5196,0.4035,0.1161,0.3666,Pass,HOLD,False,confirmed,,,,,,batter,,
2026-09-02,Yordan Alvarez,670541,824147,H,1.5,over,betonlineag,204.0,0.3591,0.346,0.3155,0.0305,0.052,Pass,AVOID,True,confirmed,,,,,,batter,,
2026-09-02,Yordan Alvarez,670541,824147,HRR,2.5,over,bovada,120.0,0.5194,0.4916,0.4266,0.065,0.0815,Pass,AVOID,True,confirmed,,,,,,batter,,
2026-09-02,Yordan Alvarez,670541,824147,TB,1.5,over,betonlineag,100.0,0.5875,0.5542,0.4765,0.0777,0.1084,Pass,AVOID,True,confirmed,,,,,,batter,,
2026-09-02,Colt Keith,690993,823660,BB,0.5,over,fanatics,165.0,0.3966,0.3843,0.3555,0.0288,0.0183,Pass,HOLD,True,contradicted,20260902T1958Z,5,26,5,1.59,batter,,
2026-09-02,Colt Keith,690993,823660,HRR,1.5,over,betmgm,110.0,0.5737,0.5409,0.4642,0.0767,0.1359,Pass,HOLD,True,contradicted,20260902T1958Z,5,26,5,1.59,batter,,
2026-09-02,Colt Keith,690993,823660,TB,1.5,over,betrivers,163.0,0.572,0.512,0.3722,0.1398,0.3467,Pass,HOLD,False,contradicted,20260902T1958Z,5,26,5,1.59,batter,,
2026-09-02,Colton Cowser,681297,824312,H,0.5,over,draftkings,-155.0,0.6187,0.603,0.5665,0.0365,-0.0079,Pass,HOLD,True,confirmed,20260902T1958Z,7,11,7,-3.42,batter,,
2026-09-02,Colton Cowser,681297,824312,HRR,1.5,over,williamhill_us,112.0,0.5524,0.5225,0.4527,0.0698,0.1077,Pass,HOLD,True,confirmed,20260902T1958Z,7,11,7,-3.42,batter,,
2026-09-02,Colton Cowser,681297,824312,RBI,0.5,over,draftkings,165.0,0.3824,0.3726,0.3498,0.0228,-0.0127,Pass,HOLD,True,confirmed,20260902T1958Z,7,11,7,-3.42,batter,,
2026-09-02,Kevin McGonigle,805808,823660,H,0.5,under,draftkings,176.0,0.3749,0.3652,0.3426,0.0226,0.0079,Pass,HOLD,True,contradicted,20260902T1958Z,2,31,7,3.69,batter,,
2026-09-02,Kevin McGonigle,805808,823660,HRR,1.5,over,williamhill_us,-129.0,0.5497,0.5441,0.531,0.0131,-0.0342,Pass,HOLD,True,contradicted,20260902T1958Z,2,31,7,3.69,batter,,
2026-09-02,Kevin McGonigle,805808,823660,TB,1.5,under,bovada,-150.0,0.6442,0.6218,0.5694,0.0524,0.0363,Pass,HOLD,True,contradicted,20260902T1958Z,2,31,7,3.69,batter,,
2026-09-02,Pete Alonso,624413,824312,BB,0.5,over,fanatics,280.0,0.379,0.3451,0.2662,0.0789,0.3116,Pass,BUY,True,confirmed,20260902T1958Z,4,30,13,3.4,batter,,
2026-09-02,Pete Alonso,624413,824312,H,1.5,under,draftkings,130.0,0.5041,0.4771,0.4141,0.0629,0.0973,Pass,BUY,True,confirmed,20260902T1958Z,4,30,13,3.4,batter,,
2026-09-02,Pete Alonso,624413,824312,R,0.5,over,draftkings,110.0,0.7935,0.6873,0.4393,0.248,0.4432,Pass,BUY,True,confirmed,20260902T1958Z,4,30,13,3.4,batter,,
2026-09-02,Yordan Alvarez,670541,824147,H,1.5,over,betonlineag,204.0,0.3611,0.3479,0.3173,0.0307,0.0577,Pass,AVOID,True,confirmed,20260902T1958Z,1,43,11,0.82,batter,,
2026-09-02,Yordan Alvarez,670541,824147,HRR,2.5,over,bovada,120.0,0.5212,0.4927,0.4262,0.0665,0.0839,Pass,AVOID,True,confirmed,20260902T1958Z,1,43,11,0.82,batter,,
2026-09-02,Yordan Alvarez,670541,824147,TB,1.5,over,betonlineag,-102.0,0.5872,0.5546,0.4783,0.0762,0.0982,Pass,AVOID,True,confirmed,20260902T1958Z,1,43,11,0.82,batter,,
2026-09-03,Yordan Alvarez,670541,824144,H,1.5,over,betonlineag,190.0,0.4277,0.4002,0.3362,0.0641,0.1607,Pass,HOLD,True,confirmed,20260903T1410Z,1,6,5,1.2,batter,,
2026-09-03,Yordan Alvarez,670541,824144,HRR,2.5,over,betmgm,115.0,0.5983,0.5565,0.4588,0.0977,0.1964,Pass,HOLD,True,confirmed,20260903T1410Z,1,6,5,1.2,batter,,
2026-09-03,Yordan Alvarez,670541,824144,TB,1.5,over,betrivers,-104.0,0.6499,0.6093,0.5146,0.0947,0.1951,Pass,HOLD,False,confirmed,20260903T1410Z,1,6,5,1.2,batter,,
2026-09-04,Alec Burleson,676475,824311,1B,0.5,under,draftkings,140.0,0.5418,0.4981,0.3963,0.1019,0.1955,Pass,HOLD,True,confirmed,20260904T1413Z,4,24,13,0.67,batter,,
2026-09-04,Alec Burleson,676475,824311,HRR,2.5,over,bovada,-120.0,0.5643,0.5496,0.5152,0.0344,0.0075,Pass,HOLD,True,confirmed,20260904T1413Z,4,24,13,0.67,batter,,
2026-09-04,Alec Burleson,676475,824311,TB,1.5,over,betrivers,-139.0,0.6302,0.6082,0.5568,0.0514,0.0457,Pass,HOLD,False,confirmed,20260904T1413Z,4,24,13,0.67,batter,,
2026-09-04,Brandon Lowe,664040,823338,HRR,1.5,under,betmgm,100.0,0.4796,0.4794,0.4791,0.0003,-0.0411,Pass,HOLD,True,confirmed,20260904T1413Z,7,15,13,5.45,batter,,
2026-09-04,Brandon Lowe,664040,823338,RBI,0.5,under,betmgm,-190.0,0.6842,0.67,0.6371,0.0329,0.0227,Pass,HOLD,True,confirmed,20260904T1413Z,7,15,13,5.45,batter,,
2026-09-04,Brandon Lowe,664040,823338,TB,1.5,under,betmgm,-145.0,0.6337,0.6133,0.5656,0.0476,0.0362,Pass,HOLD,True,confirmed,20260904T1413Z,7,15,13,5.45,batter,,
2026-09-04,Jackson Chourio,694192,824471,1B,0.5,under,draftkings,134.0,0.5438,0.5039,0.4107,0.0932,0.1791,Pass,HOLD,True,confirmed,20260904T1413Z,8,11,9,-2.38,batter,,
2026-09-04,Jackson Chourio,694192,824471,BB,0.5,over,fanatics,275.0,0.3008,0.2897,0.2638,0.0259,0.0864,Pass,HOLD,True,confirmed,20260904T1413Z,8,11,9,-2.38,batter,,
2026-09-04,Jackson Chourio,694192,824471,HRR,2.5,over,betmgm,100.0,0.5365,0.5187,0.4772,0.0415,0.0373,Pass,HOLD,True,confirmed,20260904T1413Z,8,11,9,-2.38,batter,,
2026-09-04,Jake Bauers,641343,824471,HRR,1.5,over,betmgm,-125.0,0.5579,0.5544,0.546,0.0083,-0.0022,Pass,HOLD,True,confirmed,20260904T1413Z,2,34,9,3.17,batter,,
2026-09-04,Jake Bauers,641343,824471,HRR,1.5,under,betonlineag,120.0,0.4421,0.4456,0.454,-0.0083,-0.0196,Pass,HOLD,True,confirmed,20260904T1413Z,2,34,9,3.17,batter,,
2026-09-04,Jake Bauers,641343,824471,TB,1.5,over,betmgm,130.0,0.4522,0.4427,0.4204,0.0223,0.0181,Pass,HOLD,True,confirmed,20260904T1413Z,2,34,9,3.17,batter,,
2026-09-04,Nick Gonzales,693304,823338,1B,0.5,under,draftkings,130.0,0.4996,0.4766,0.4227,0.0538,0.0961,Pass,AVOID,True,confirmed,20260904T1413Z,6,15,7,-3.09,batter,,
2026-09-04,Nick Gonzales,693304,823338,BB,0.5,over,fanatics,225.0,0.3787,0.3518,0.289,0.0628,0.1434,Pass,AVOID,True,confirmed,20260904T1413Z,6,15,7,-3.09,batter,,
2026-09-04,Nick Gonzales,693304,823338,HRR,1.5,under,betmgm,125.0,0.4567,0.4466,0.423,0.0236,0.0048,Pass,AVOID,True,confirmed,20260904T1413Z,6,15,7,-3.09,batter,,
2026-09-04,Yordan Alvarez,670541,824146,HRR,2.5,over,bovada,120.0,0.4891,0.4735,0.437,0.0364,0.0416,Pass,HOLD,True,confirmed,20260904T1413Z,1,37,7,1.14,batter,,
2026-09-04,Yordan Alvarez,670541,824146,RBI,0.5,under,betmgm,-185.0,0.692,0.6655,0.6037,0.0618,0.0253,Pass,HOLD,True,confirmed,20260904T1413Z,1,37,7,1.14,batter,,
2026-09-04,Yordan Alvarez,670541,824146,TB,1.5,over,betmgm,100.0,0.5638,0.5391,0.4815,0.0576,0.0782,Pass,HOLD,True,confirmed,20260904T1413Z,1,37,7,1.14,batter,,
2026-09-05,Ben Rice,700250,823257,1B,0.5,over,betmgm,145.0,0.4131,0.4093,0.4006,0.0088,0.0029,Pass,HOLD,True,contradicted,20260905T1412Z,1,32,11,-2.56,batter,,
2026-09-05,Ben Rice,700250,823257,HRR,1.5,under,bovada,-130.0,0.5605,0.5507,0.5278,0.0229,-0.0257,Pass,HOLD,True,contradicted,20260905T1412Z,1,32,11,-2.56,batter,,
2026-09-05,Ben Rice,700250,823257,RBI,0.5,under,betmgm,-235.0,0.8083,0.7679,0.6736,0.0943,0.0947,Pass,HOLD,True,contradicted,20260905T1412Z,1,32,11,-2.56,batter,,
2026-09-05,George Springer,543807,824066,H,1.5,over,betonlineag,186.0,0.3849,0.3695,0.3334,0.0361,0.0568,Pass,HOLD,True,contradicted,20260905T1412Z,2,24,9,2.29,batter,,
2026-09-05,George Springer,543807,824066,HRR,2.5,over,betmgm,120.0,0.4903,0.4716,0.4279,0.0437,0.0375,Pass,HOLD,True,contradicted,20260905T1412Z,2,24,9,2.29,batter,,
2026-09-05,George Springer,543807,824066,TB,1.5,over,betrivers,128.0,0.5808,0.5451,0.4619,0.0832,0.2429,Pass,HOLD,False,contradicted,20260905T1412Z,2,24,9,2.29,batter,,
2026-09-06,Bobby Witt,677951,824065,1B,0.5,under,betmgm,-105.0,0.5351,0.5203,0.4858,0.0345,0.0159,Pass,AVOID,True,confirmed,20260906T1413Z,1,39,11,0.5,batter,,
2026-09-06,Bobby Witt,677951,824065,BB,0.5,over,williamhill_us,190.0,0.3825,0.3642,0.3217,0.0425,0.0563,Pass,AVOID,True,confirmed,20260906T1413Z,1,39,11,0.5,batter,,
2026-09-06,Bobby Witt,677951,824065,HRR,2.5,over,betmgm,125.0,0.4395,0.4326,0.4165,0.0161,-0.0267,Pass,AVOID,True,confirmed,20260906T1413Z,1,39,11,0.5,batter,,
2026-09-06,Carter Jensen,695600,824065,1B,0.5,under,betmgm,-160.0,0.7512,0.7003,0.5817,0.1186,0.138,Pass,AVOID,True,confirmed,20260906T1413Z,4,29,9,0.54,batter,,
2026-09-06,Carter Jensen,695600,824065,HRR,1.5,over,bovada,-120.0,0.5678,0.5527,0.5172,0.0354,0.0132,Pass,AVOID,True,confirmed,20260906T1413Z,4,29,9,0.54,batter,,
2026-09-06,Carter Jensen,695600,824065,TB,1.5,over,betrivers,140.0,0.5831,0.5332,0.4169,0.1163,0.2797,Pass,AVOID,False,confirmed,20260906T1413Z,4,29,9,0.54,batter,,
2026-09-06,Colson Montgomery,695657,824552,H,0.5,under,draftkings,120.0,0.5409,0.5088,0.434,0.0749,0.1195,Pass,HOLD,True,confirmed,20260906T1413Z,7,2,5,-2.04,batter,,
2026-09-06,Colson Montgomery,695657,824552,HRR,1.5,under,bovada,-135.0,0.6378,0.6088,0.5411,0.0677,0.0597,Pass,HOLD,True,confirmed,20260906T1413Z,7,2,5,-2.04,batter,,
2026-09-06,Colson Montgomery,695657,824552,RBI,0.5,under,betmgm,-220.0,0.7468,0.7167,0.6464,0.0703,0.0425,Pass,HOLD,True,confirmed,20260906T1413Z,7,2,5,-2.04,batter,,
2026-09-06,George Springer,543807,824065,1B,0.5,under,draftkings,119.0,0.5351,0.5031,0.4283,0.0748,0.1017,Pass,AVOID,True,contradicted,20260906T1413Z,3,30,9,4.1,batter,,
2026-09-06,George Springer,543807,824065,HRR,2.5,under,betmgm,-145.0,0.6396,0.6173,0.5652,0.052,0.043,Pass,AVOID,True,contradicted,20260906T1413Z,3,30,9,4.1,batter,,
2026-09-06,George Springer,543807,824065,TB,1.5,under,bovada,-120.0,0.6473,0.6101,0.5233,0.0868,0.1185,Pass,AVOID,True,contradicted,20260906T1413Z,3,30,9,4.1,batter,,
2026-09-06,Jac Caglianone,695506,824065,HRR,1.5,over,bovada,-130.0,0.5873,0.5701,0.53,0.0401,0.0087,Pass,BUY,True,confirmed,20260906T1413Z,5,26,13,7.71,batter,,
2026-09-06,Jac Caglianone,695506,824065,RBI,0.5,over,draftkings,144.0,0.4689,0.4489,0.4024,0.0466,0.0954,Pass,BUY,True,confirmed,20260906T1413Z,5,26,13,7.71,batter,,
2026-09-06,Jac Caglianone,695506,824065,TB,1.5,over,betrivers,123.0,0.5831,0.543,0.4497,0.0934,0.211,Pass,BUY,False,confirmed,20260906T1413Z,5,26,13,7.71,batter,,
2026-09-06,Miguel Vargas,678246,824552,HRR,1.5,over,betmgm,-125.0,0.5723,0.5607,0.5337,0.027,0.0093,Pass,AVOID,True,confirmed,20260906T1413Z,2,37,9,0.49,batter,,
2026-09-06,Miguel Vargas,678246,824552,RBI,0.5,over,betmgm,155.0,0.4367,0.4185,0.3759,0.0425,0.0671,Pass,AVOID,True,confirmed,20260906T1413Z,2,37,9,0.49,batter,,
2026-09-06,Miguel Vargas,678246,824552,TB,1.5,over,betmgm,120.0,0.5894,0.5467,0.4471,0.0996,0.2028,Pass,AVOID,True,confirmed,20260906T1413Z,2,37,9,0.49,batter,,
2026-09-06,Tristan Peters,671976,824552,H,0.5,over,draftkings,-129.0,0.5857,0.5749,0.5497,0.0252,0.0206,Pass,AVOID,True,confirmed,20260906T1413Z,6,26,9,2.75,batter,,
2026-09-06,Tristan Peters,671976,824552,HRR,1.5,over,williamhill_us,115.0,0.4713,0.4616,0.4389,0.0227,-0.0076,Pass,AVOID,True,confirmed,20260906T1413Z,6,26,9,2.75,batter,,
2026-09-06,Tristan Peters,671976,824552,TB,1.5,over,betrivers,175.0,0.3546,0.3573,0.3636,-0.0064,-0.0175,Pass,AVOID,False,confirmed,20260906T1413Z,6,26,9,2.75,batter,,
2026-09-07,Bryce Harper,547180,823415,BB,0.5,over,williamhill_us,-115.0,0.5359,0.5262,0.5035,0.0227,-0.0163,Pass,BUY,True,contradicted,20260907T1411Z,5,20,9,3.93,batter,,
2026-09-07,Bryce Harper,547180,823415,HRR,1.5,over,bovada,-120.0,0.5375,0.5303,0.5135,0.0168,-0.0279,Pass,BUY,True,contradicted,20260907T1411Z,5,20,9,3.93,batter,,
2026-09-07,Bryce Harper,547180,823415,TB,1.5,under,betonlineag,-156.0,0.6375,0.6208,0.5816,0.0392,0.0187,Pass,BUY,True,contradicted,20260907T1411Z,5,20,9,3.93,batter,,
2026-09-07,Bryson Stott,681082,823415,BB,0.5,over,fanatics,175.0,0.3915,0.3802,0.3537,0.0265,0.0454,Pass,AVOID,True,contradicted,20260907T1411Z,6,19,5,0.22,batter,,
2026-09-07,Bryson Stott,681082,823415,HRR,1.5,over,bovada,-105.0,0.5102,0.5009,0.4792,0.0217,-0.0221,Pass,AVOID,True,contradicted,20260907T1411Z,6,19,5,0.22,batter,,
2026-09-07,Bryson Stott,681082,823415,TB,1.5,over,betrivers,160.0,0.3588,0.3665,0.3846,-0.0181,-0.047,Pass,AVOID,False,contradicted,20260907T1411Z,6,19,5,0.22,batter,,
2026-09-07,Drew Gilbert,687551,823175,1B,0.5,under,draftkings,-125.0,0.5544,0.5421,0.5136,0.0285,-0.0241,Pass,HOLD,True,confirmed,20260907T1411Z,7,18,5,0.04,batter,,
2026-09-07,Drew Gilbert,687551,823175,BB,0.5,over,williamhill_us,170.0,0.4222,0.4013,0.3526,0.0487,0.0835,Pass,HOLD,True,confirmed,20260907T1411Z,7,18,5,0.04,batter,,
2026-09-07,Drew Gilbert,687551,823175,HRR,1.5,over,bovada,-110.0,0.5578,0.5381,0.4919,0.0461,0.0272,Pass,HOLD,True,confirmed,20260907T1411Z,7,18,5,0.04,batter,,
2026-09-07,Fernando Tatis,665487,823254,HRR,2.5,over,bovada,125.0,0.5504,0.5126,0.4244,0.0882,0.1533,Pass,BUY,True,confirmed,20260907T1411Z,1,39,11,1.95,batter,,
2026-09-07,Fernando Tatis,665487,823254,RBI,0.5,over,draftkings,160.0,0.4752,0.4398,0.3571,0.0826,0.1434,Pass,BUY,True,confirmed,20260907T1411Z,1,39,11,1.95,batter,,
2026-09-07,Fernando Tatis,665487,823254,TB,1.5,over,betonlineag,100.0,0.5892,0.5577,0.4843,0.0734,0.1154,Pass,BUY,True,confirmed,20260907T1411Z,1,39,11,1.95,batter,,
2026-09-07,Jackson Merrill,701538,823254,1B,0.5,under,draftkings,-131.0,0.612,0.586,0.5254,0.0606,0.0333,Pass,BUY,True,confirmed,20260907T1411Z,4,23,15,3.25,batter,,
2026-09-07,Jackson Merrill,701538,823254,BB,0.5,over,fanatics,300.0,0.2553,0.2574,0.2624,-0.0049,0.0296,Pass,BUY,True,confirmed,20260907T1411Z,4,23,15,3.25,batter,,
2026-09-07,Jackson Merrill,701538,823254,HRR,1.5,over,draftkings,-134.0,0.5424,0.5417,0.5401,0.0016,-0.054,Pass,BUY,True,confirmed,20260907T1411Z,4,23,15,3.25,batter,,
2026-09-07,Kyle Schwarber,656941,823415,H,0.5,under,fanatics,160.0,0.4061,0.3964,0.3737,0.0227,0.0306,Pass,BUY,True,contradicted,20260907T1411Z,3,25,7,1.56,batter,,
2026-09-07,Kyle Schwarber,656941,823415,HRR,1.5,under,bovada,105.0,0.481,0.4769,0.4673,0.0096,-0.0223,Pass,BUY,True,contradicted,20260907T1411Z,3,25,7,1.56,batter,,
2026-09-07,Kyle Schwarber,656941,823415,TB,1.5,under,bovada,-145.0,0.6375,0.6146,0.5609,0.0537,0.0384,Pass,BUY,True,contradicted,20260907T1411Z,3,25,7,1.56,batter,,
2026-09-07,Luis Campusano,669134,823254,1B,0.5,under,draftkings,-153.0,0.5991,0.5876,0.5606,0.0269,-0.0284,Pass,AVOID,True,confirmed,20260907T1411Z,8,13,7,1.69,batter,,
2026-09-07,Luis Campusano,669134,823254,BB,0.5,over,fanatics,185.0,0.3674,0.3559,0.329,0.0268,0.0143,Pass,AVOID,True,confirmed,20260907T1411Z,8,13,7,1.69,batter,,
2026-09-07,Luis Campusano,669134,823254,HRR,1.5,over,bovada,110.0,0.4684,0.4617,0.4462,0.0155,-0.0303,Pass,AVOID,True,confirmed,20260907T1411Z,8,13,7,1.69,batter,,
2026-09-07,Rafael Devers,646240,823175,HRR,1.5,over,williamhill_us,-130.0,0.5804,0.567,0.5356,0.0314,0.0031,Pass,BUY,True,confirmed,20260907T1411Z,2,28,11,3.88,batter,,
2026-09-07,Rafael Devers,646240,823175,RBI,0.5,over,betrivers,155.0,0.4658,0.4398,0.379,0.0608,0.1214,Pass,BUY,False,confirmed,20260907T1411Z,2,28,11,3.88,batter,,
2026-09-07,Rafael Devers,646240,823175,TB,1.5,over,betonlineag,115.0,0.5858,0.5426,0.4418,0.1008,0.1666,Pass,BUY,True,confirmed,20260907T1411Z,2,28,11,3.88,batter,,
2026-09-08,Alec Burleson,676475,823174,1B,0.5,under,betmgm,105.0,0.524,0.5029,0.4537,0.0492,0.031,Pass,HOLD,True,contradicted,20260908T1413Z,1,24,5,2.11,batter,prob_floor,
2026-09-08,Alec Burleson,676475,823174,HRR,1.5,under,betmgm,125.0,0.4614,0.4594,0.4548,0.0046,0.0337,Pass,HOLD,True,contradicted,20260908T1413Z,1,24,5,2.11,batter,thin_edge,
2026-09-08,Alec Burleson,676475,823174,TB,1.5,under,williamhill_us,-141.0,0.6303,0.6086,0.5579,0.0506,0.0402,Pass,HOLD,True,contradicted,20260908T1413Z,1,24,5,2.11,batter,batter_under_prob_ceiling,
2026-09-08,Brett Baty,683146,823821,1B,0.5,under,betmgm,-150.0,0.6668,0.6443,0.5916,0.0526,0.0738,Pass,HOLD,True,confirmed,20260908T1413Z,3,21,7,1.28,batter,batter_under_prob_ceiling,
2026-09-08,Brett Baty,683146,823821,H,0.5,over,draftkings,-117.0,0.5411,0.5349,0.5205,0.0144,-0.0079,Pass,HOLD,True,confirmed,20260908T1413Z,3,21,7,1.28,batter,ev_floor,
2026-09-08,Brett Baty,683146,823821,HRR,1.5,over,betmgm,125.0,0.4327,0.4278,0.4165,0.0113,-0.0374,Pass,HOLD,True,confirmed,20260908T1413Z,3,21,7,1.28,batter,ev_floor,
2026-09-08,Casey Mize,663554,823250,BB,1.5,over,bovada,145.0,0.4,0.3963,0.3877,0.0086,-0.0291,Pass,,True,confirmed,20260908T1413Z,,,,,pitcher,ev_floor,
2026-09-08,Casey Mize,663554,823250,H,4.5,over,draftkings,104.0,0.6227,0.575,0.4637,0.1113,0.173,Pass,,True,confirmed,20260908T1413Z,,,,,pitcher,edge_ceiling,
2026-09-08,Casey Mize,663554,823250,K,4.5,under,draftkings,-124.0,0.5625,0.5511,0.5246,0.0265,-0.0044,Pass,,True,confirmed,20260908T1413Z,,,,,pitcher,ev_floor,
2026-09-08,Casey Mize,663554,823250,outs,15.5,over,betrivers,-115.0,0.6845,0.6388,0.5321,0.1067,0.1942,Pass,,False,confirmed,20260908T1413Z,,,,,pitcher,one_way_quote,
2026-09-08,Daylen Lile,695734,823250,HRR,1.5,over,draftkings,121.0,0.4845,0.4676,0.4282,0.0394,0.0334,Pass,BUY,True,confirmed,20260908T1413Z,2,24,13,1.04,batter,thin_edge,
2026-09-08,Daylen Lile,695734,823250,TB,1.5,over,betrivers,165.0,0.3548,0.3651,0.3892,-0.0241,-0.0325,Pass,BUY,False,confirmed,20260908T1413Z,2,24,13,1.04,batter,one_way_quote,
2026-09-08,Daylen Lile,695734,823250,TB,1.5,under,williamhill_us,-179.0,0.6452,0.6349,0.6108,0.0241,-0.0104,Pass,BUY,True,confirmed,20260908T1413Z,2,24,13,1.04,batter,ev_floor,
2026-09-08,Landen Roupp,694738,823174,BB,1.5,over,draftkings,-173.0,0.6371,0.6248,0.5962,0.0286,-0.014,Pass,,True,contradicted,20260908T1413Z,,,,,pitcher,ev_floor,
2026-09-08,Landen Roupp,694738,823174,ER,2.5,over,bovada,135.0,0.4553,0.4397,0.4033,0.0364,0.0333,Pass,,True,contradicted,20260908T1413Z,,,,,pitcher,prob_floor,
2026-09-08,Landen Roupp,694738,823174,H,4.5,over,draftkings,-133.0,0.596,0.5783,0.537,0.0413,0.0131,Pass,,True,contradicted,20260908T1413Z,,,,,pitcher,prob_floor,
2026-09-08,Landen Roupp,694738,823174,K,5.5,over,fanduel,132.0,0.4375,0.4334,0.424,0.0095,0.0056,Pass,,True,contradicted,20260908T1413Z,,,,,pitcher,thin_edge,
2026-09-08,Landen Roupp,694738,823174,outs,15.5,over,betrivers,-113.0,0.6459,0.6092,0.5235,0.0857,0.1483,Pass,,False,contradicted,20260908T1413Z,,,,,pitcher,one_way_quote,
2026-09-08,Nick Lodolo,666157,823901,BB,1.5,over,draftkings,-186.0,0.6407,0.6322,0.6123,0.0198,-0.028,Pass,,True,confirmed,20260908T1413Z,,,,,pitcher,ev_floor,
2026-09-08,Nick Lodolo,666157,823901,ER,2.5,over,draftkings,-156.0,0.6139,0.6029,0.577,0.0259,-0.0107,Pass,,True,confirmed,20260908T1413Z,,,,,pitcher,ev_floor,
2026-09-08,Nick Lodolo,666157,823901,H,5.5,over,draftkings,-112.0,0.5373,0.528,0.506,0.0219,-0.0006,Pass,,True,confirmed,20260908T1413Z,,,,,pitcher,ev_floor,
2026-09-08,Nick Lodolo,666157,823901,K,4.5,under,betmgm,-155.0,0.7019,0.6613,0.5665,0.0948,0.0879,Pass,,True,confirmed,20260908T1413Z,,,,,pitcher,lineup_clock,
2026-09-08,Nick Lodolo,666157,823901,outs,15.5,under,fanduel,-122.0,0.6235,0.5965,0.5334,0.0631,0.0854,Pass,,True,confirmed,20260908T1413Z,,,,,pitcher,lineup_clock,
2026-09-08,Sandy Alcantara,645261,823821,BB,1.5,under,bovada,115.0,0.5495,0.5155,0.4362,0.0793,0.1083,Pass,,True,confirmed,20260908T1413Z,,,,,pitcher,prob_floor,
2026-09-08,Sandy Alcantara,645261,823821,ER,2.5,under,betmgm,-135.0,0.6069,0.588,0.5439,0.0441,0.0236,Pass,,True,confirmed,20260908T1413Z,,,,,pitcher,lineup_clock,
2026-09-08,Sandy Alcantara,645261,823821,H,5.5,under,betmgm,-120.0,0.5986,0.5811,0.5402,0.0409,0.0653,Pass,,True,confirmed,20260908T1413Z,,,,,pitcher,lineup_clock,
2026-09-08,Sandy Alcantara,645261,823821,K,4.5,under,draftkings,-109.0,0.5388,0.5277,0.502,0.0258,0.0119,Pass,,True,confirmed,20260908T1413Z,,,,,pitcher,prob_floor,
2026-09-09,Aaron Judge,592450,823497,HRR,2.5,under,betmgm,-130.0,0.6441,0.6107,0.5329,0.0778,0.0805,Pass,AVOID,True,confirmed,20260909T1415Z,3,29,7,2.89,batter,batter_under_prob_ceiling,
2026-09-09,Aaron Judge,592450,823497,RBI,0.5,under,betmgm,-135.0,0.7033,0.6593,0.5566,0.1027,0.1477,Pass,AVOID,True,confirmed,20260909T1415Z,3,29,7,2.89,batter,edge_ceiling,
2026-09-09,Aaron Judge,592450,823497,TB,1.5,under,betmgm,-110.0,0.6617,0.6151,0.5063,0.1088,0.1742,Pass,AVOID,True,confirmed,20260909T1415Z,3,29,7,2.89,batter,edge_ceiling,
2026-09-09,Adley Rutschman,668939,824713,H,0.5,under,betmgm,185.0,0.4032,0.381,0.3294,0.0516,0.086,Pass,STRONG BUY,True,confirmed,20260909T1415Z,2,30,9,2.62,batter,prob_floor,
2026-09-09,Adley Rutschman,668939,824713,HRR,1.5,under,draftkings,125.0,0.4986,0.4745,0.4182,0.0563,0.0675,Pass,STRONG BUY,True,confirmed,20260909T1415Z,2,30,9,2.62,batter,prob_floor,
2026-09-09,Adley Rutschman,668939,824713,TB,1.5,under,bovada,-125.0,0.6408,0.609,0.5346,0.0744,0.0962,Pass,STRONG BUY,True,confirmed,20260909T1415Z,2,30,9,2.62,batter,batter_under_prob_ceiling,
2026-09-09,Brandon Lowe,664040,824549,H,1.5,over,betrivers,335.0,0.2798,0.2648,0.2299,0.035,0.1521,Pass,HOLD,False,confirmed,20260909T1415Z,10,11,9,2.59,batter,one_way_quote,
2026-09-09,Brandon Lowe,664040,824549,HRR,1.5,over,bovada,105.0,0.5309,0.5121,0.4682,0.0439,0.0498,Pass,HOLD,True,confirmed,20260909T1415Z,10,11,9,2.59,batter,prob_floor,
2026-09-09,Brandon Lowe,664040,824549,RBI,0.5,under,betmgm,-220.0,0.6934,0.6829,0.6585,0.0244,-0.0067,Pass,HOLD,True,confirmed,20260909T1415Z,10,11,9,2.59,batter,ev_floor,
2026-09-09,Bryan Reynolds,668804,824549,H,1.5,over,betrivers,350.0,0.2974,0.2749,0.2222,0.0527,0.2369,Pass,HOLD,False,confirmed,20260909T1415Z,9,12,7,-0.88,batter,one_way_quote,
2026-09-09,Bryan Reynolds,668804,824549,HRR,1.5,over,bovada,110.0,0.553,0.5243,0.4574,0.0669,0.101,Pass,HOLD,True,confirmed,20260909T1415Z,9,12,7,-0.88,batter,prob_floor,
2026-09-09,Bryan Reynolds,668804,824549,TB,1.5,over,betonlineag,146.0,0.4693,0.4445,0.3865,0.058,0.0934,Pass,HOLD,True,confirmed,20260909T1415Z,9,12,7,-0.88,batter,prob_floor,
2026-09-09,Cody Bradford,674003,823090,BB,1.5,under,draftkings,-140.0,0.5495,0.5485,0.5464,0.0021,-0.0597,Pass,,True,confirmed,20260909T1415Z,,,,,pitcher,ev_floor,
2026-09-09,Cody Bradford,674003,823090,ER,2.5,over,draftkings,-102.0,0.6136,0.5713,0.4729,0.0985,0.1315,Pass,,True,confirmed,20260909T1415Z,,,,,pitcher,edge_ceiling,
2026-09-09,Cody Bradford,674003,823090,H,5.5,over,bovada,125.0,0.6418,0.576,0.4225,0.1535,0.2961,Pass,,True,confirmed,20260909T1415Z,,,,,pitcher,edge_ceiling,
2026-09-09,Cody Bradford,674003,823090,K,4.5,over,betrivers,128.0,0.4375,0.4337,0.4247,0.009,-0.0113,Pass,,True,confirmed,20260909T1415Z,,,,,pitcher,ev_floor,
2026-09-09,Cody Bradford,674003,823090,outs,15.5,over,betmgm,-120.0,0.6391,0.6023,0.5165,0.0859,0.1042,Pass,,True,confirmed,20260909T1415Z,,,,,pitcher,edge_ceiling,
2026-09-09,Davis Martin,663436,824549,H,4.5,over,betmgm,-125.0,0.6254,0.6007,0.5431,0.0576,0.0813,Pass,,True,confirmed,20260909T1415Z,,,,,pitcher,lineup_clock,
2026-09-09,Davis Martin,663436,824549,K,4.5,under,fanduel,-104.0,0.6681,0.6151,0.4913,0.1238,0.2065,Pass,,True,confirmed,20260909T1415Z,,,,,pitcher,lineup_clock,
2026-09-09,Davis Martin,663436,824549,outs,15.5,under,fanduel,-102.0,0.8753,0.7585,0.4858,0.2727,0.5021,Pass,,True,confirmed,20260909T1415Z,,,,,pitcher,edge_ceiling,
2026-09-09,Luis Garcia,671277,823497,H,1.5,over,betrivers,215.0,0.5033,0.4528,0.335,0.1178,0.4264,Pass,BUY,False,confirmed,20260909T1415Z,7,19,7,-1.5,batter,one_way_quote,
2026-09-09,Luis Garcia,671277,823497,HRR,2.5,over,betmgm,115.0,0.6468,0.5838,0.4367,0.1471,0.2551,Pass,BUY,True,confirmed,20260909T1415Z,7,19,7,-1.5,batter,edge_ceiling,
2026-09-09,Luis Garcia,671277,823497,RBI,0.5,over,draftkings,135.0,0.602,0.5443,0.4097,0.1346,0.2792,Pass,BUY,True,confirmed,20260909T1415Z,7,19,7,-1.5,batter,edge_ceiling,
2026-09-09,Mickey Gasper,681508,824713,HRR,1.5,over,draftkings,-135.0,0.5913,0.5759,0.54,0.0359,0.0024,Pass,STRONG BUY,True,confirmed,20260909T1415Z,1,32,13,nan,batter,thin_edge,
2026-09-09,Mickey Gasper,681508,824713,RBI,0.5,over,draftkings,182.0,0.5864,0.5149,0.3482,0.1667,0.4521,Pass,STRONG BUY,True,confirmed,20260909T1415Z,1,32,13,nan,batter,edge_ceiling,
2026-09-09,Mickey Gasper,681508,824713,TB,1.5,over,betonlineag,122.0,0.5943,0.5442,0.4273,0.1169,0.2081,Pass,STRONG BUY,True,confirmed,20260909T1415Z,1,32,13,nan,batter,edge_ceiling,
2026-09-09,Nick Gonzales,693304,824549,BB,0.5,over,fanatics,285.0,0.3508,0.3179,0.241,0.0769,0.2238,Pass,BUY,True,confirmed,20260909T1415Z,11,8,5,-0.37,batter,prob_floor,
2026-09-09,Nick Gonzales,693304,824549,H,1.5,over,betrivers,275.0,0.3617,0.3332,0.2667,0.0665,0.2495,Pass,BUY,False,confirmed,20260909T1415Z,11,8,5,-0.37,batter,one_way_quote,
2026-09-09,Nick Gonzales,693304,824549,HRR,1.5,over,bovada,-110.0,0.5587,0.5409,0.4995,0.0414,0.0327,Pass,BUY,True,confirmed,20260909T1415Z,11,8,5,-0.37,batter,prob_floor,
2026-09-09,Oneil Cruz,665833,824549,H,0.5,over,betrivers,-150.0,0.5991,0.5919,0.5751,0.0168,-0.0135,Pass,AVOID,False,confirmed,20260909T1415Z,6,24,9,2.23,batter,one_way_quote,
2026-09-09,Oneil Cruz,665833,824549,H,1.5,over,betrivers,430.0,0.2245,0.2137,0.1887,0.0251,0.1328,Pass,AVOID,False,confirmed,20260909T1415Z,6,24,9,2.23,batter,one_way_quote,
2026-09-09,Oneil Cruz,665833,824549,HRR,1.5,over,williamhill_us,106.0,0.5099,0.494,0.4569,0.0371,0.0176,Pass,AVOID,True,confirmed,20260909T1415Z,6,24,9,2.23,batter,thin_edge,
2026-09-09,Roman Anthony,701350,824713,HRR,2.5,over,betonlineag,125.0,0.4444,0.4418,0.436,0.0059,-0.0059,Pass,HOLD,True,confirmed,20260909T1415Z,5,25,5,4.4,batter,ev_floor,
2026-09-09,Roman Anthony,701350,824713,HRR,2.5,under,betmgm,-140.0,0.5556,0.5582,0.564,-0.0059,-0.0431,Pass,HOLD,True,confirmed,20260909T1415Z,5,25,5,4.4,batter,ev_floor,
2026-09-09,Ryan Johnson,696270,824713,ER,2.5,over,betmgm,-160.0,0.6134,0.6019,0.5752,0.0267,-0.0219,Pass,,True,confirmed,20260909T1415Z,,,,,pitcher,ev_floor,
2026-09-09,Ryan Johnson,696270,824713,H,5.5,under,fanatics,-150.0,0.5931,0.5806,0.5516,0.029,-0.0323,Pass,,True,confirmed,20260909T1415Z,,,,,pitcher,ev_floor,
2026-09-09,Spencer Jones,682987,823497,1B,0.5,under,betmgm,-165.0,0.6838,0.6587,0.6002,0.0585,0.058,Pass,AVOID,True,confirmed,20260909T1415Z,4,26,7,3.04,batter,batter_under_prob_ceiling,
2026-09-09,Spencer Jones,682987,823497,HRR,1.5,over,bovada,-120.0,0.5447,0.5377,0.5215,0.0162,-0.0142,Pass,AVOID,True,confirmed,20260909T1415Z,4,26,7,3.04,batter,ev_floor,
2026-09-09,Spencer Jones,682987,823497,TB,1.5,over,betmgm,120.0,0.5596,0.5214,0.4322,0.0892,0.1471,Pass,AVOID,True,confirmed,20260909T1415Z,4,26,7,3.04,batter,edge_ceiling,
2026-09-09,Tomoyuki Sugano,608372,823497,BB,1.5,under,bovada,115.0,0.6,0.5506,0.4353,0.1153,0.1838,Pass,,True,confirmed,20260909T1415Z,,,,,pitcher,edge_ceiling,
2026-09-09,Tomoyuki Sugano,608372,823497,ER,3.5,over,draftkings,125.0,0.6251,0.5758,0.4608,0.115,0.2955,Pass,,True,confirmed,20260909T1415Z,,,,,pitcher,edge_ceiling,
2026-09-09,Tomoyuki Sugano,608372,823497,H,5.5,over,fanatics,-125.0,0.6625,0.6236,0.5329,0.0907,0.1226,Pass,,True,confirmed,20260909T1415Z,,,,,pitcher,edge_ceiling,
2026-09-09,Tomoyuki Sugano,608372,823497,K,4.5,over,betrivers,205.0,0.5535,0.4794,0.3068,0.1727,0.4623,Pass,,True,confirmed,20260909T1415Z,,,,,pitcher,prob_floor,
2026-09-09,Tomoyuki Sugano,608372,823497,outs,15.5,over,fanatics,130.0,0.612,0.5527,0.4141,0.1386,0.2711,Pass,,True,confirmed,20260909T1415Z,,,,,pitcher,edge_ceiling,
2026-09-09,Wilyer Abreu,677800,824713,1B,0.5,under,betmgm,-135.0,0.6683,0.6312,0.5446,0.0866,0.0987,Pass,HOLD,True,confirmed,20260909T1415Z,8,15,7,6.46,batter,edge_ceiling,
2026-09-09,Wilyer Abreu,677800,824713,H,0.5,under,draftkings,193.0,0.3838,0.3668,0.3273,0.0395,0.0748,Pass,HOLD,True,confirmed,20260909T1415Z,8,15,7,6.46,batter,prob_floor,
2026-09-09,Wilyer Abreu,677800,824713,HRR,2.5,over,draftkings,121.0,0.4622,0.4512,0.4254,0.0257,-0.0029,Pass,HOLD,True,confirmed,20260909T1415Z,8,15,7,6.46,batter,ev_floor,
2026-09-10,Austin Riley,663586,824872,H,0.5,under,betmgm,150.0,0.4409,0.4278,0.397,0.0307,0.0694,Pass,HOLD,True,confirmed,20260910T1558Z,6,9,7,-1.84,batter,prob_floor,soft
2026-09-10,Austin Riley,663586,824872,HRR,1.5,under,betmgm,-125.0,0.5679,0.5612,0.5458,0.0154,0.0102,Pass,HOLD,True,confirmed,20260910T1558Z,6,9,7,-1.84,batter,thin_edge,soft
2026-09-10,Austin Riley,663586,824872,TB,1.5,under,williamhill_us,-182.0,0.7521,0.7109,0.6147,0.0962,0.1015,Pass,HOLD,True,confirmed,20260910T1558Z,6,9,7,-1.84,batter,edge_ceiling,soft
2026-09-10,Bryce Harper,547180,823413,HRR,1.5,over,betmgm,-120.0,0.5632,0.5516,0.5247,0.027,0.0113,Pass,STRONG BUY,True,contradicted,20260910T1558Z,1,41,13,3.14,batter,thin_edge,elite
2026-09-10,Bryce Harper,547180,823413,RBI,0.5,under,betmgm,-190.0,0.6945,0.6721,0.62,0.0521,0.0259,Pass,STRONG BUY,True,contradicted,20260910T1558Z,1,41,13,3.14,batter,batter_under_prob_ceiling,elite
2026-09-10,Bryce Harper,547180,823413,TB,1.5,over,betrivers,132.0,0.5227,0.5007,0.4493,0.0514,0.1615,Pass,STRONG BUY,False,contradicted,20260910T1558Z,1,41,13,3.14,batter,one_way_quote,elite
2026-09-10,Bryson Stott,681082,823413,H,0.5,over,betonlineag,-169.0,0.6337,0.6249,0.6043,0.0206,-0.0053,Pass,BUY,True,contradicted,20260910T1558Z,4,27,7,3.24,batter,ev_floor,elite
2026-09-10,Bryson Stott,681082,823413,HRR,1.5,over,betmgm,100.0,0.533,0.5183,0.484,0.0343,0.0367,Pass,BUY,True,contradicted,20260910T1558Z,4,27,7,3.24,batter,thin_edge,elite
2026-09-10,Bryson Stott,681082,823413,TB,1.5,over,betrivers,190.0,0.3909,0.392,0.3945,-0.0025,0.1368,Pass,BUY,False,contradicted,20260910T1558Z,4,27,7,3.24,batter,one_way_quote,elite
2026-09-10,Cristian Javier,664299,823413,BB,1.5,under,bovada,130.0,0.6,0.5431,0.4103,0.1328,0.2491,Pass,,True,contradicted,20260910T1558Z,,,,,pitcher,edge_ceiling,elite
2026-09-10,Cristian Javier,664299,823413,ER,2.5,over,draftkings,103.0,0.6043,0.5629,0.4661,0.0968,0.1426,Pass,,True,contradicted,20260910T1558Z,,,,,pitcher,edge_ceiling,elite
2026-09-10,Cristian Javier,664299,823413,H,4.5,over,betmgm,105.0,0.6811,0.6206,0.4793,0.1413,0.2722,Pass,,True,contradicted,20260910T1558Z,,,,,pitcher,edge_ceiling,elite
2026-09-10,Cristian Javier,664299,823413,outs,15.5,over,betrivers,110.0,0.4417,0.4521,0.4762,-0.0241,-0.0506,Pass,,False,contradicted,20260910T1558Z,,,,,pitcher,one_way_quote,elite
2026-09-10,Kyle Schwarber,656941,823413,HRR,2.5,over,bovada,110.0,0.4842,0.473,0.4468,0.0262,-0.0068,Pass,STRONG BUY,True,contradicted,20260910T1558Z,2,35,9,0.86,batter,ev_floor,elite
2026-09-10,Kyle Schwarber,656941,823413,RBI,0.5,under,betmgm,-155.0,0.6582,0.6323,0.572,0.0603,0.0403,Pass,STRONG BUY,True,contradicted,20260910T1558Z,2,35,9,0.86,batter,batter_under_prob_ceiling,elite
2026-09-10,Kyle Schwarber,656941,823413,TB,1.5,over,betrivers,130.0,0.468,0.4697,0.4735,-0.0039,0.0803,Pass,STRONG BUY,False,contradicted,20260910T1558Z,2,35,9,0.86,batter,one_way_quote,elite
2026-09-10,Martín Pérez,527048,824872,BB,1.5,over,draftkings,-116.0,0.586,0.5603,0.5005,0.0598,0.0434,Pass,,True,contradicted,20260910T1558Z,,,,,pitcher,prob_floor,soft
2026-09-10,Martín Pérez,527048,824872,ER,2.5,over,draftkings,126.0,0.4546,0.4523,0.4468,0.0054,0.0221,Pass,,True,contradicted,20260910T1558Z,,,,,pitcher,thin_edge,soft
2026-09-10,Martín Pérez,527048,824872,H,5.5,over,bovada,120.0,0.5299,0.5045,0.4453,0.0592,0.1098,Pass,,True,contradicted,20260910T1558Z,,,,,pitcher,prob_floor,soft
2026-09-10,Martín Pérez,527048,824872,outs,15.5,over,fanduel,118.0,0.6623,0.5968,0.4442,0.1527,0.3011,Pass,,True,contradicted,20260910T1558Z,,,,,pitcher,edge_ceiling,soft
2026-09-10,Matt Olson,621566,824872,HRR,1.5,over,bovada,-115.0,0.5587,0.5434,0.5075,0.0358,0.0159,Pass,STRONG BUY,True,confirmed,20260910T1558Z,2,41,13,-0.33,batter,thin_edge,soft
2026-09-10,Matt Olson,621566,824872,RBI,0.5,over,betrivers,150.0,0.4769,0.4474,0.3787,0.0687,0.1185,Pass,STRONG BUY,False,confirmed,20260910T1558Z,2,41,13,-0.33,batter,one_way_quote,soft
2026-09-10,Matt Olson,621566,824872,TB,1.5,over,betrivers,125.0,0.5786,0.5401,0.4504,0.0897,0.2153,Pass,STRONG BUY,False,confirmed,20260910T1558Z,2,41,13,-0.33,batter,one_way_quote,soft
2026-09-10,Nick Martinez,607259,824872,BB,1.5,under,draftkings,-232.0,0.71,0.6941,0.6569,0.0372,-0.0068,Pass,,True,confirmed,20260910T1558Z,,,,,pitcher,ev_floor,soft
2026-09-10,Nick Martinez,607259,824872,ER,2.5,over,betmgm,-115.0,0.5581,0.543,0.5079,0.0351,0.0152,Pass,,True,confirmed,20260910T1558Z,,,,,pitcher,prob_floor,soft
2026-09-10,Nick Martinez,607259,824872,H,5.5,over,betmgm,-105.0,0.5913,0.5596,0.4857,0.0739,0.0925,Pass,,True,confirmed,20260910T1558Z,,,,,pitcher,prob_floor,soft
2026-09-10,Nick Martinez,607259,824872,outs,17.5,over,williamhill_us,102.0,0.503,0.495,0.4762,0.0188,-0.0001,Pass,,True,confirmed,20260910T1558Z,,,,,pitcher,ev_floor,soft
2026-09-10,Ronald Acuña Jr.,660670,824872,HRR,1.5,under,betmgm,105.0,0.4666,0.4664,0.4661,0.0003,-0.0439,Pass,HOLD,True,confirmed,20260910T1558Z,5,24,9,0.63,batter,ev_floor,soft
2026-09-10,Ronald Acuña Jr.,660670,824872,RBI,0.5,under,betmgm,-200.0,0.6869,0.6743,0.6447,0.0295,0.0114,Pass,HOLD,True,confirmed,20260910T1558Z,5,24,9,0.63,batter,batter_under_prob_ceiling,soft
2026-09-10,Ronald Acuña Jr.,660670,824872,TB,1.5,under,betmgm,-125.0,0.627,0.6059,0.5566,0.0492,0.0906,Pass,HOLD,True,confirmed,20260910T1558Z,5,24,9,0.63,batter,thin_edge,soft
