date,market,tier,n,wins,losses,ppv,npv,breakeven,edge_vs_be,sensitivity,specificity,roi
2026-08-29,ATS,Buy (S+M),4,3,1,0.75,0.5833,0.5126,0.2374,0.375,0.875,0.4698
2026-08-29,ATS,Moderate buy,1,1,0,1.0,0.5333,0.4975,0.5025,0.125,1.0,1.01
2026-08-29,ATS,Pass,12,5,7,0.4167,0.25,0.514,-0.0973,0.625,0.125,-0.1916
2026-08-29,ATS,Strong buy,3,2,1,0.6667,0.5385,0.5177,0.149,0.25,0.875,0.2898
2026-08-29,All,Buy (S+M),7,6,1,0.8571,0.561,0.5111,0.346,0.25,0.9583,0.6819
2026-08-29,All,Moderate buy,3,3,0,1.0,0.5333,0.5057,0.4943,0.125,1.0,0.9778
2026-08-29,All,Pass,41,18,23,0.439,0.1429,0.5149,-0.0759,0.75,0.0417,-0.181
2026-08-29,All,Strong buy,4,3,1,0.75,0.5227,0.5151,0.2349,0.125,0.9583,0.46
2026-08-29,ML,Buy (S+M),0,0,0,0.0,0.5,0.0,0.0,0.0,1.0,0.0
2026-08-29,ML,Moderate buy,0,0,0,0.0,0.5,0.0,0.0,0.0,1.0,0.0
2026-08-29,ML,Pass,16,8,8,0.5,0.0,0.5142,-0.0142,1.0,0.0,-0.1134
2026-08-29,ML,Strong buy,0,0,0,0.0,0.5,0.0,0.0,0.0,1.0,0.0
2026-08-29,Totals,Buy (S+M),3,3,0,1.0,0.6154,0.509,0.491,0.375,1.0,0.9647
2026-08-29,Totals,Moderate buy,2,2,0,1.0,0.5714,0.5098,0.4902,0.25,1.0,0.9616
2026-08-29,Totals,Pass,13,5,8,0.3846,0.0,0.5165,-0.1319,0.625,0.0,-0.2543
2026-08-29,Totals,Strong buy,1,1,0,1.0,0.5333,0.5074,0.4926,0.125,1.0,0.9709
2026-09-03,ATS,Buy (S+M),3,1,2,0.3333,0.4737,0.5105,-0.1772,0.0909,0.8182,-0.3492
2026-09-03,ATS,Moderate buy,2,0,2,0.0,0.45,0.5097,-0.5097,0.0,0.8182,-1.0
2026-09-03,ATS,Pass,19,10,9,0.5263,0.6667,0.5155,0.0108,0.9091,0.1818,0.019
2026-09-03,ATS,Strong buy,1,1,0,1.0,0.5238,0.5122,0.4878,0.0909,1.0,0.9524
2026-09-03,All,Buy (S+M),3,1,2,0.3333,0.4921,0.5105,-0.1772,0.0303,0.9394,-0.3492
2026-09-03,All,Moderate buy,2,0,2,0.0,0.4844,0.5097,-0.5097,0.0,0.9394,-1.0
2026-09-03,All,Pass,63,32,31,0.5079,0.6667,0.5162,-0.0083,0.9697,0.0606,0.2531
2026-09-03,All,Strong buy,1,1,0,1.0,0.5077,0.5122,0.4878,0.0303,1.0,0.9524
2026-09-03,ML,Buy (S+M),0,0,0,0.0,0.5,0.0,0.0,0.0,1.0,0.0
2026-09-03,ML,Moderate buy,0,0,0,0.0,0.5,0.0,0.0,0.0,1.0,0.0
2026-09-03,ML,Pass,22,11,11,0.5,0.0,0.5148,-0.0148,1.0,0.0,0.746
2026-09-03,ML,Strong buy,0,0,0,0.0,0.5,0.0,0.0,0.0,1.0,0.0
2026-09-03,Totals,Buy (S+M),0,0,0,0.0,0.5,0.0,0.0,0.0,1.0,0.0
2026-09-03,Totals,Moderate buy,0,0,0,0.0,0.5,0.0,0.0,0.0,1.0,0.0
2026-09-03,Totals,Pass,22,11,11,0.5,0.0,0.5182,-0.0182,1.0,0.0,-0.0376
2026-09-03,Totals,Strong buy,0,0,0,0.0,0.5,0.0,0.0,0.0,1.0,0.0
2026-09-04,ATS,Buy (S+M),1,0,1,0.0,0.4667,0.5122,-0.5122,0.0,0.875,-1.0
2026-09-04,ATS,Moderate buy,1,0,1,0.0,0.4667,0.5122,-0.5122,0.0,0.875,-1.0
2026-09-04,ATS,Pass,15,8,7,0.5333,1.0,0.5169,0.0164,1.0,0.125,0.0151
2026-09-04,ATS,Strong buy,0,0,0,0.0,0.5,0.0,0.0,0.0,1.0,0.0
2026-09-04,All,Buy (S+M),3,1,2,0.3333,0.4878,0.5153,-0.182,0.0455,0.9091,-0.3522
2026-09-04,All,Moderate buy,1,0,1,0.0,0.4884,0.5122,-0.5122,0.0,0.9545,-1.0
2026-09-04,All,Pass,41,21,20,0.5122,0.6667,0.5162,-0.004,0.9545,0.0909,-0.1115
2026-09-04,All,Strong buy,2,1,1,0.5,0.5,0.5169,-0.0169,0.0455,0.9545,-0.0283
2026-09-04,ML,Buy (S+M),0,0,0,0.0,0.5,0.0,0.0,0.0,1.0,0.0
2026-09-04,ML,Moderate buy,0,0,0,0.0,0.5,0.0,0.0,0.0,1.0,0.0
2026-09-04,ML,Pass,12,6,6,0.5,0.0,0.5128,-0.0128,1.0,0.0,-0.3619
2026-09-04,ML,Strong buy,0,0,0,0.0,0.5,0.0,0.0,0.0,1.0,0.0
2026-09-04,Totals,Buy (S+M),2,1,1,0.5,0.5,0.5169,-0.0169,0.125,0.875,-0.0283
2026-09-04,Totals,Moderate buy,0,0,0,0.0,0.5,0.0,0.0,0.0,1.0,0.0
2026-09-04,Totals,Pass,14,7,7,0.5,0.5,0.5183,-0.0183,0.875,0.125,-0.0325
2026-09-04,Totals,Strong buy,2,1,1,0.5,0.5,0.5169,-0.0169,0.125,0.875,-0.0283
2026-09-07,ATS,Buy (S+M),0,0,0,0.0,0.0,0.0,0.0,0.0,0.0,0.0
2026-09-07,ATS,Moderate buy,0,0,0,0.0,0.0,0.0,0.0,0.0,0.0,0.0
2026-09-07,ATS,Pass,0,0,0,0.0,0.0,0.0,0.0,0.0,0.0,0.0
2026-09-07,ATS,Strong buy,0,0,0,0.0,0.0,0.0,0.0,0.0,0.0,0.0
2026-09-07,All,Buy (S+M),0,0,0,0.0,0.5,0.0,0.0,0.0,1.0,0.0
2026-09-07,All,Moderate buy,0,0,0,0.0,0.5,0.0,0.0,0.0,1.0,0.0
2026-09-07,All,Pass,4,2,2,0.5,0.0,0.5116,-0.0116,1.0,0.0,-0.0849
2026-09-07,All,Strong buy,0,0,0,0.0,0.5,0.0,0.0,0.0,1.0,0.0
2026-09-07,ML,Buy (S+M),0,0,0,0.0,0.5,0.0,0.0,0.0,1.0,0.0
2026-09-07,ML,Moderate buy,0,0,0,0.0,0.5,0.0,0.0,0.0,1.0,0.0
2026-09-07,ML,Pass,2,1,1,0.5,0.0,0.5133,-0.0133,1.0,0.0,-0.1552
2026-09-07,ML,Strong buy,0,0,0,0.0,0.5,0.0,0.0,0.0,1.0,0.0
2026-09-07,Totals,Buy (S+M),0,0,0,0.0,0.5,0.0,0.0,0.0,1.0,0.0
2026-09-07,Totals,Moderate buy,0,0,0,0.0,0.5,0.0,0.0,0.0,1.0,0.0
2026-09-07,Totals,Pass,2,1,1,0.5,0.0,0.5098,-0.0098,1.0,0.0,-0.0146
2026-09-07,Totals,Strong buy,0,0,0,0.0,0.5,0.0,0.0,0.0,1.0,0.0
2026-09-10,ATS,Buy (S+M),0,0,0,0.0,0.5,0.0,0.0,0.0,1.0,0.0
2026-09-10,ATS,Moderate buy,0,0,0,0.0,0.5,0.0,0.0,0.0,1.0,0.0
2026-09-10,ATS,Pass,2,1,1,0.5,0.0,0.518,-0.018,1.0,0.0,-0.0455
2026-09-10,ATS,Strong buy,0,0,0,0.0,0.5,0.0,0.0,0.0,1.0,0.0
2026-09-10,All,Buy (S+M),1,1,0,1.0,0.6667,0.5238,0.4762,0.5,1.0,0.9091
2026-09-10,All,Moderate buy,1,1,0,1.0,0.6667,0.5238,0.4762,0.5,1.0,0.9091
2026-09-10,All,Pass,3,1,2,0.3333,0.0,0.5145,-0.1812,0.5,0.0,-0.3636
2026-09-10,All,Strong buy,0,0,0,0.0,0.5,0.0,0.0,0.0,1.0,0.0
2026-09-10,Totals,Buy (S+M),1,1,0,1.0,1.0,0.5238,0.4762,1.0,1.0,0.9091
2026-09-10,Totals,Moderate buy,1,1,0,1.0,1.0,0.5238,0.4762,1.0,1.0,0.9091
2026-09-10,Totals,Pass,1,0,1,0.0,0.0,0.5074,-0.5074,0.0,0.0,-1.0
2026-09-10,Totals,Strong buy,0,0,0,0.0,0.5,0.0,0.0,0.0,1.0,0.0
2026-09-11,ATS,Buy (S+M),2,1,1,0.5,0.5,0.5061,-0.0061,0.2,0.8,-0.0238
2026-09-11,ATS,Moderate buy,0,0,0,0.0,0.5,0.0,0.0,0.0,1.0,0.0
2026-09-11,ATS,Pass,8,4,4,0.5,0.5,0.5195,-0.0195,0.8,0.2,-0.038
2026-09-11,ATS,Strong buy,2,1,1,0.5,0.5,0.5061,-0.0061,0.2,0.8,-0.0238
2026-09-11,All,Buy (S+M),2,1,1,0.5,0.5,0.5061,-0.0061,0.0714,0.9286,-0.0238
2026-09-11,All,Moderate buy,0,0,0,0.0,0.5,0.0,0.0,0.0,1.0,0.0
2026-09-11,All,Pass,26,13,13,0.5,0.5,0.5128,-0.0128,0.9286,0.0714,-0.137
2026-09-11,All,Strong buy,2,1,1,0.5,0.5,0.5061,-0.0061,0.0714,0.9286,-0.0238
2026-09-11,ML,Buy (S+M),0,0,0,0.0,0.5,0.0,0.0,0.0,1.0,0.0
2026-09-11,ML,Moderate buy,0,0,0,0.0,0.5,0.0,0.0,0.0,1.0,0.0
2026-09-11,ML,Pass,8,4,4,0.5,0.0,0.5076,-0.0076,1.0,0.0,-0.354
2026-09-11,ML,Strong buy,0,0,0,0.0,0.5,0.0,0.0,0.0,1.0,0.0
2026-09-11,Totals,Buy (S+M),0,0,0,0.0,0.5,0.0,0.0,0.0,1.0,0.0
2026-09-11,Totals,Moderate buy,0,0,0,0.0,0.5,0.0,0.0,0.0,1.0,0.0
2026-09-11,Totals,Pass,10,5,5,0.5,0.0,0.5117,-0.0117,1.0,0.0,-0.0428
2026-09-11,Totals,Strong buy,0,0,0,0.0,0.5,0.0,0.0,0.0,1.0,0.0
2026-09-12,ATS,Buy (S+M),15,9,6,0.6,0.5116,0.5145,0.0855,0.125,0.9167,0.1629
2026-09-12,ATS,Moderate buy,4,3,1,0.75,0.5071,0.5139,0.2361,0.0417,0.9861,0.46
2026-09-12,ATS,Pass,129,63,66,0.4884,0.4,0.5152,-0.0268,0.875,0.0833,-0.0536
2026-09-12,ATS,Strong buy,11,6,5,0.5455,0.5038,0.5147,0.0308,0.0833,0.9306,0.0549
2026-09-12,All,Buy (S+M),27,14,13,0.5185,0.5013,0.5187,-0.0002,0.0683,0.9366,0.0006
2026-09-12,All,Moderate buy,8,4,4,0.5,0.5,0.5118,-0.0118,0.0195,0.9805,-0.0313
2026-09-12,All,Pass,383,191,192,0.4987,0.4815,0.5142,-0.0155,0.9317,0.0634,-0.0846
2026-09-12,All,Strong buy,19,10,9,0.5263,0.5013,0.5217,0.0046,0.0488,0.9561,0.014
2026-09-12,ML,Buy (S+M),2,0,2,0.0,0.4918,0.5487,-0.5487,0.0,0.9677,-1.0
2026-09-12,ML,Moderate buy,1,0,1,0.0,0.4959,0.4762,-0.4762,0.0,0.9839,-1.0
2026-09-12,ML,Pass,122,62,60,0.5082,1.0,0.5104,-0.0022,1.0,0.0323,-0.1733
2026-09-12,ML,Strong buy,1,0,1,0.0,0.4959,0.6212,-0.6212,0.0,0.9839,-1.0
2026-09-12,Totals,Buy (S+M),10,5,5,0.5,0.5,0.5191,-0.0191,0.0704,0.9296,-0.0428
2026-09-12,Totals,Moderate buy,3,1,2,0.3333,0.4964,0.5208,-0.1875,0.0141,0.9718,-0.3636
2026-09-12,Totals,Pass,132,66,66,0.5,0.5,0.5166,-0.0166,0.9296,0.0704,-0.0331
2026-09-12,Totals,Strong buy,7,4,3,0.5714,0.5037,0.5185,0.0529,0.0563,0.9577,0.0947
2026-09-17,ATS,Buy (S+M),0,0,0,0.0,0.5,0.0,0.0,0.0,1.0,0.0
2026-09-17,ATS,Moderate buy,0,0,0,0.0,0.5,0.0,0.0,0.0,1.0,0.0
2026-09-17,ATS,Pass,2,1,1,0.5,0.0,0.511,-0.011,1.0,0.0,-0.0238
2026-09-17,ATS,Strong buy,0,0,0,0.0,0.5,0.0,0.0,0.0,1.0,0.0
2026-09-17,All,Buy (S+M),1,1,0,1.0,0.6,0.5192,0.4808,0.3333,1.0,0.9259
2026-09-17,All,Moderate buy,0,0,0,0.0,0.5,0.0,0.0,0.0,1.0,0.0
2026-09-17,All,Pass,5,2,3,0.4,0.0,0.5131,-0.1131,0.6667,0.0,-0.3607
2026-09-17,All,Strong buy,1,1,0,1.0,0.6,0.5192,0.4808,0.3333,1.0,0.9259
2026-09-17,ML,Buy (S+M),0,0,0,0.0,0.5,0.0,0.0,0.0,1.0,0.0
2026-09-17,ML,Moderate buy,0,0,0,0.0,0.5,0.0,0.0,0.0,1.0,0.0
2026-09-17,ML,Pass,2,1,1,0.5,0.0,0.5156,-0.0156,1.0,0.0,-0.378
2026-09-17,ML,Strong buy,0,0,0,0.0,0.5,0.0,0.0,0.0,1.0,0.0
2026-09-17,Totals,Buy (S+M),1,1,0,1.0,1.0,0.5192,0.4808,1.0,1.0,0.9259
2026-09-17,Totals,Moderate buy,0,0,0,0.0,0.5,0.0,0.0,0.0,1.0,0.0
2026-09-17,Totals,Pass,1,0,1,0.0,0.0,0.5122,-0.5122,0.0,0.0,-1.0
2026-09-17,Totals,Strong buy,1,1,0,1.0,1.0,0.5192,0.4808,1.0,1.0,0.9259
2026-09-18,ATS,Buy (S+M),0,0,0,0.0,0.5,0.0,0.0,0.0,1.0,0.0
2026-09-18,ATS,Moderate buy,0,0,0,0.0,0.5,0.0,0.0,0.0,1.0,0.0
2026-09-18,ATS,Pass,6,3,3,0.5,0.0,0.5138,-0.0138,1.0,0.0,-0.0312
2026-09-18,ATS,Strong buy,0,0,0,0.0,0.5,0.0,0.0,0.0,1.0,0.0
2026-09-18,All,Buy (S+M),1,0,1,0.0,0.4667,0.5074,-0.5074,0.0,0.875,-1.0
2026-09-18,All,Moderate buy,0,0,0,0.0,0.5,0.0,0.0,0.0,1.0,0.0
2026-09-18,All,Pass,15,8,7,0.5333,1.0,0.5149,0.0184,1.0,0.125,-0.0675
2026-09-18,All,Strong buy,1,0,1,0.0,0.4667,0.5074,-0.5074,0.0,0.875,-1.0
2026-09-18,ML,Buy (S+M),0,0,0,0.0,0.5,0.0,0.0,0.0,1.0,0.0
2026-09-18,ML,Moderate buy,0,0,0,0.0,0.5,0.0,0.0,0.0,1.0,0.0
2026-09-18,ML,Pass,4,2,2,0.5,0.0,0.5141,-0.0141,1.0,0.0,-0.3988
2026-09-18,ML,Strong buy,0,0,0,0.0,0.5,0.0,0.0,0.0,1.0,0.0
2026-09-18,Totals,Buy (S+M),1,0,1,0.0,0.4,0.5074,-0.5074,0.0,0.6667,-1.0
2026-09-18,Totals,Moderate buy,0,0,0,0.0,0.5,0.0,0.0,0.0,1.0,0.0
2026-09-18,Totals,Pass,5,3,2,0.6,1.0,0.5169,0.0831,1.0,0.3333,0.1539
2026-09-18,Totals,Strong buy,1,0,1,0.0,0.4,0.5074,-0.5074,0.0,0.6667,-1.0
2026-09-19,ATS,Buy (S+M),16,10,6,0.625,0.5179,0.5115,0.1135,0.1562,0.9062,0.2145
2026-09-19,ATS,Moderate buy,6,3,3,0.5,0.5,0.5129,-0.0129,0.0469,0.9531,-0.0294
2026-09-19,ATS,Pass,112,54,58,0.4821,0.375,0.5155,-0.0334,0.8438,0.0938,-0.0655
2026-09-19,ATS,Strong buy,10,7,3,0.7,0.5169,0.5106,0.1894,0.1094,0.9531,0.3608
2026-09-19,All,Buy (S+M),39,20,19,0.5128,0.5015,0.5257,-0.0129,0.1105,0.895,-0.062
2026-09-19,All,Moderate buy,18,7,11,0.3889,0.4942,0.5091,-0.1202,0.0387,0.9392,-0.28
2026-09-19,All,Pass,323,161,162,0.4985,0.4872,0.5134,-0.0149,0.8895,0.105,-0.094
2026-09-19,All,Strong buy,21,13,8,0.619,0.5073,0.54,0.079,0.0718,0.9558,0.1249
2026-09-19,ML,Buy (S+M),10,7,3,0.7,0.5204,0.5629,0.1371,0.1296,0.9444,0.1347
2026-09-19,ML,Moderate buy,5,2,3,0.4,0.4951,0.4974,-0.0974,0.037,0.9444,-0.3482
2026-09-19,ML,Pass,98,47,51,0.4796,0.3,0.5066,-0.027,0.8704,0.0556,-0.2652
2026-09-19,ML,Strong buy,5,5,0,1.0,0.5243,0.6284,0.3716,0.0926,1.0,0.6176
2026-09-19,Totals,Buy (S+M),13,3,10,0.2308,0.469,0.5147,-0.2839,0.0476,0.8413,-0.5535
2026-09-19,Totals,Moderate buy,7,2,5,0.2857,0.4874,0.5142,-0.2285,0.0317,0.9206,-0.446
2026-09-19,Totals,Pass,113,60,53,0.531,0.7692,0.5172,0.0138,0.9524,0.1587,0.0263
2026-09-19,Totals,Strong buy,6,1,5,0.1667,0.4833,0.5153,-0.3486,0.0159,0.9206,-0.679
2026-09-24,ATS,Buy (S+M),0,0,0,0.0,0.5,0.0,0.0,0.0,1.0,0.0
2026-09-24,ATS,Moderate buy,0,0,0,0.0,0.5,0.0,0.0,0.0,1.0,0.0
2026-09-24,ATS,Pass,2,1,1,0.5,0.0,0.5133,-0.0133,1.0,0.0,-0.0146
2026-09-24,ATS,Strong buy,0,0,0,0.0,0.5,0.0,0.0,0.0,1.0,0.0
2026-09-24,All,Buy (S+M),1,1,0,1.0,0.6,0.5652,0.4348,0.3333,1.0,0.7692
2026-09-24,All,Moderate buy,1,1,0,1.0,0.6,0.5652,0.4348,0.3333,1.0,0.7692
2026-09-24,All,Pass,5,2,3,0.4,0.0,0.5047,-0.1047,0.6667,0.0,-0.2153
2026-09-24,All,Strong buy,0,0,0,0.0,0.5,0.0,0.0,0.0,1.0,0.0
2026-09-24,ML,Buy (S+M),1,1,0,1.0,1.0,0.5652,0.4348,1.0,1.0,0.7692
2026-09-24,ML,Moderate buy,1,1,0,1.0,1.0,0.5652,0.4348,1.0,1.0,0.7692
2026-09-24,ML,Pass,1,0,1,0.0,0.0,0.4608,-0.4608,0.0,0.0,-1.0
2026-09-24,ML,Strong buy,0,0,0,0.0,0.5,0.0,0.0,0.0,1.0,0.0
2026-09-24,Totals,Buy (S+M),0,0,0,0.0,0.5,0.0,0.0,0.0,1.0,0.0
2026-09-24,Totals,Moderate buy,0,0,0,0.0,0.5,0.0,0.0,0.0,1.0,0.0
2026-09-24,Totals,Pass,2,1,1,0.5,0.0,0.518,-0.018,1.0,0.0,-0.0238
2026-09-24,Totals,Strong buy,0,0,0,0.0,0.5,0.0,0.0,0.0,1.0,0.0
