captured_at,game_date,matchup,event_id,market,side,entity,line,book,american,opposite_american,source
2026-10-02T21:00:05Z,2026-10-02,NYR @ DET,5b5466f836933f5fb3ed4b9f267cce75,game_ml,DET,,,draftkings,-130,110,oddsapi
2026-10-02T21:00:05Z,2026-10-02,NYR @ DET,5b5466f836933f5fb3ed4b9f267cce75,game_ml,NYR,,,draftkings,110,-130,oddsapi
2026-10-02T21:00:05Z,2026-10-02,NYR @ DET,5b5466f836933f5fb3ed4b9f267cce75,game_pl,DET,,-1.5,draftkings,200,-245,oddsapi
2026-10-02T21:00:05Z,2026-10-02,NYR @ DET,5b5466f836933f5fb3ed4b9f267cce75,game_pl,NYR,,1.5,draftkings,-245,200,oddsapi
2026-10-02T21:00:05Z,2026-10-02,NYR @ DET,5b5466f836933f5fb3ed4b9f267cce75,game_total,over,,5.5,draftkings,-135,114,oddsapi
2026-10-02T21:00:05Z,2026-10-02,NYR @ DET,5b5466f836933f5fb3ed4b9f267cce75,game_total,under,,5.5,draftkings,114,-135,oddsapi
2026-10-02T21:00:05Z,2026-10-02,NYR @ DET,5b5466f836933f5fb3ed4b9f267cce75,game_ml,DET,,,williamhill_us,-130,110,oddsapi
2026-10-02T21:00:05Z,2026-10-02,NYR @ DET,5b5466f836933f5fb3ed4b9f267cce75,game_ml,NYR,,,williamhill_us,110,-130,oddsapi
2026-10-02T21:00:05Z,2026-10-02,NYR @ DET,5b5466f836933f5fb3ed4b9f267cce75,game_total,over,,6,williamhill_us,-105,-115,oddsapi
2026-10-02T21:00:05Z,2026-10-02,NYR @ DET,5b5466f836933f5fb3ed4b9f267cce75,game_total,under,,6,williamhill_us,-115,-105,oddsapi
2026-10-02T21:00:05Z,2026-10-02,NYR @ DET,5b5466f836933f5fb3ed4b9f267cce75,game_ml,DET,,,mybookieag,-135,110,oddsapi
2026-10-02T21:00:05Z,2026-10-02,NYR @ DET,5b5466f836933f5fb3ed4b9f267cce75,game_ml,NYR,,,mybookieag,110,-135,oddsapi
2026-10-02T21:00:05Z,2026-10-02,NYR @ DET,5b5466f836933f5fb3ed4b9f267cce75,game_pl,DET,,-1.5,mybookieag,177,-222,oddsapi
2026-10-02T21:00:05Z,2026-10-02,NYR @ DET,5b5466f836933f5fb3ed4b9f267cce75,game_pl,NYR,,1.5,mybookieag,-222,177,oddsapi
2026-10-02T21:00:05Z,2026-10-02,NYR @ DET,5b5466f836933f5fb3ed4b9f267cce75,game_total,over,,6,mybookieag,-103,-119,oddsapi
2026-10-02T21:00:05Z,2026-10-02,NYR @ DET,5b5466f836933f5fb3ed4b9f267cce75,game_total,under,,6,mybookieag,-119,-103,oddsapi
2026-10-02T21:00:05Z,2026-10-02,NYR @ DET,5b5466f836933f5fb3ed4b9f267cce75,game_ml,DET,,,bovada,-128,107,oddsapi
2026-10-02T21:00:05Z,2026-10-02,NYR @ DET,5b5466f836933f5fb3ed4b9f267cce75,game_ml,NYR,,,bovada,107,-128,oddsapi
2026-10-02T21:00:05Z,2026-10-02,NYR @ DET,5b5466f836933f5fb3ed4b9f267cce75,game_pl,DET,,-1.5,bovada,190,-230,oddsapi
2026-10-02T21:00:05Z,2026-10-02,NYR @ DET,5b5466f836933f5fb3ed4b9f267cce75,game_pl,NYR,,1.5,bovada,-230,190,oddsapi
2026-10-02T21:00:05Z,2026-10-02,NYR @ DET,5b5466f836933f5fb3ed4b9f267cce75,game_total,over,,6,bovada,-105,-115,oddsapi
2026-10-02T21:00:05Z,2026-10-02,NYR @ DET,5b5466f836933f5fb3ed4b9f267cce75,game_total,under,,6,bovada,-115,-105,oddsapi
2026-10-02T21:00:05Z,2026-10-02,NYR @ DET,5b5466f836933f5fb3ed4b9f267cce75,game_ml,DET,,,fanatics,-130,110,oddsapi
2026-10-02T21:00:05Z,2026-10-02,NYR @ DET,5b5466f836933f5fb3ed4b9f267cce75,game_ml,NYR,,,fanatics,110,-130,oddsapi
2026-10-02T21:00:05Z,2026-10-02,NYR @ DET,5b5466f836933f5fb3ed4b9f267cce75,game_pl,DET,,-1.5,fanatics,190,-240,oddsapi
2026-10-02T21:00:05Z,2026-10-02,NYR @ DET,5b5466f836933f5fb3ed4b9f267cce75,game_pl,NYR,,1.5,fanatics,-240,190,oddsapi
2026-10-02T21:00:05Z,2026-10-02,NYR @ DET,5b5466f836933f5fb3ed4b9f267cce75,game_total,over,,5.5,fanatics,-135,110,oddsapi
2026-10-02T21:00:05Z,2026-10-02,NYR @ DET,5b5466f836933f5fb3ed4b9f267cce75,game_total,under,,5.5,fanatics,110,-135,oddsapi
2026-10-02T21:00:05Z,2026-10-02,NYR @ DET,5b5466f836933f5fb3ed4b9f267cce75,game_ml,DET,,,betmgm,-135,110,oddsapi
2026-10-02T21:00:05Z,2026-10-02,NYR @ DET,5b5466f836933f5fb3ed4b9f267cce75,game_ml,NYR,,,betmgm,110,-135,oddsapi
2026-10-02T21:00:05Z,2026-10-02,NYR @ DET,5b5466f836933f5fb3ed4b9f267cce75,game_pl,DET,,-1.5,betmgm,180,-220,oddsapi
2026-10-02T21:00:05Z,2026-10-02,NYR @ DET,5b5466f836933f5fb3ed4b9f267cce75,game_pl,NYR,,1.5,betmgm,-220,180,oddsapi
2026-10-02T21:00:05Z,2026-10-02,NYR @ DET,5b5466f836933f5fb3ed4b9f267cce75,game_total,over,,6,betmgm,-105,-115,oddsapi
2026-10-02T21:00:05Z,2026-10-02,NYR @ DET,5b5466f836933f5fb3ed4b9f267cce75,game_total,under,,6,betmgm,-115,-105,oddsapi
2026-10-02T21:00:05Z,2026-10-02,NYR @ DET,5b5466f836933f5fb3ed4b9f267cce75,game_ml,DET,,,fanduel,-132,110,oddsapi
2026-10-02T21:00:05Z,2026-10-02,NYR @ DET,5b5466f836933f5fb3ed4b9f267cce75,game_ml,NYR,,,fanduel,110,-132,oddsapi
2026-10-02T21:00:05Z,2026-10-02,NYR @ DET,5b5466f836933f5fb3ed4b9f267cce75,game_pl,DET,,-1.5,fanduel,190,-240,oddsapi
2026-10-02T21:00:05Z,2026-10-02,NYR @ DET,5b5466f836933f5fb3ed4b9f267cce75,game_pl,NYR,,1.5,fanduel,-240,190,oddsapi
2026-10-02T21:00:05Z,2026-10-02,NYR @ DET,5b5466f836933f5fb3ed4b9f267cce75,game_total,over,,5.5,fanduel,-128,104,oddsapi
2026-10-02T21:00:05Z,2026-10-02,NYR @ DET,5b5466f836933f5fb3ed4b9f267cce75,game_total,under,,5.5,fanduel,104,-128,oddsapi
2026-10-02T21:00:05Z,2026-10-02,NYR @ DET,5b5466f836933f5fb3ed4b9f267cce75,game_ml,DET,,,betrivers,-130,108,oddsapi
2026-10-02T21:00:05Z,2026-10-02,NYR @ DET,5b5466f836933f5fb3ed4b9f267cce75,game_ml,NYR,,,betrivers,108,-130,oddsapi
2026-10-02T21:00:05Z,2026-10-02,NYR @ DET,5b5466f836933f5fb3ed4b9f267cce75,game_pl,DET,,-1.5,betrivers,195,-250,oddsapi
2026-10-02T21:00:05Z,2026-10-02,NYR @ DET,5b5466f836933f5fb3ed4b9f267cce75,game_pl,NYR,,1.5,betrivers,-250,195,oddsapi
2026-10-02T21:00:05Z,2026-10-02,NYR @ DET,5b5466f836933f5fb3ed4b9f267cce75,game_total,over,,5.5,betrivers,-137,110,oddsapi
2026-10-02T21:00:05Z,2026-10-02,NYR @ DET,5b5466f836933f5fb3ed4b9f267cce75,game_total,under,,5.5,betrivers,110,-137,oddsapi
2026-10-02T21:00:05Z,2026-10-02,NYR @ DET,5b5466f836933f5fb3ed4b9f267cce75,game_ml,DET,,,lowvig,-121,107,oddsapi
2026-10-02T21:00:05Z,2026-10-02,NYR @ DET,5b5466f836933f5fb3ed4b9f267cce75,game_ml,NYR,,,lowvig,107,-121,oddsapi
2026-10-02T21:00:05Z,2026-10-02,NYR @ DET,5b5466f836933f5fb3ed4b9f267cce75,game_pl,DET,,-1.5,lowvig,200,-240,oddsapi
2026-10-02T21:00:05Z,2026-10-02,NYR @ DET,5b5466f836933f5fb3ed4b9f267cce75,game_pl,NYR,,1.5,lowvig,-240,200,oddsapi
2026-10-02T21:00:05Z,2026-10-02,NYR @ DET,5b5466f836933f5fb3ed4b9f267cce75,game_total,over,,6,lowvig,100,-116,oddsapi
2026-10-02T21:00:05Z,2026-10-02,NYR @ DET,5b5466f836933f5fb3ed4b9f267cce75,game_total,under,,6,lowvig,-116,100,oddsapi
2026-10-02T21:00:05Z,2026-10-02,NYR @ DET,5b5466f836933f5fb3ed4b9f267cce75,game_ml,DET,,,betonlineag,-121,107,oddsapi
2026-10-02T21:00:05Z,2026-10-02,NYR @ DET,5b5466f836933f5fb3ed4b9f267cce75,game_ml,NYR,,,betonlineag,107,-121,oddsapi
2026-10-02T21:00:05Z,2026-10-02,NYR @ DET,5b5466f836933f5fb3ed4b9f267cce75,game_pl,DET,,-1.5,betonlineag,200,-240,oddsapi
2026-10-02T21:00:05Z,2026-10-02,NYR @ DET,5b5466f836933f5fb3ed4b9f267cce75,game_pl,NYR,,1.5,betonlineag,-240,200,oddsapi
2026-10-02T21:00:05Z,2026-10-02,NYR @ DET,5b5466f836933f5fb3ed4b9f267cce75,game_total,over,,6,betonlineag,100,-116,oddsapi
2026-10-02T21:00:05Z,2026-10-02,NYR @ DET,5b5466f836933f5fb3ed4b9f267cce75,game_total,under,,6,betonlineag,-116,100,oddsapi
2026-10-02T21:00:05Z,2026-10-02,NYR @ DET,5b5466f836933f5fb3ed4b9f267cce75,game_ml,DET,,,betus,-125,105,oddsapi
2026-10-02T21:00:05Z,2026-10-02,NYR @ DET,5b5466f836933f5fb3ed4b9f267cce75,game_ml,NYR,,,betus,105,-125,oddsapi
2026-10-02T21:00:05Z,2026-10-02,NYR @ DET,5b5466f836933f5fb3ed4b9f267cce75,game_pl,DET,,-1.5,betus,192,-225,oddsapi
2026-10-02T21:00:05Z,2026-10-02,NYR @ DET,5b5466f836933f5fb3ed4b9f267cce75,game_pl,NYR,,1.5,betus,-225,192,oddsapi
2026-10-02T21:00:05Z,2026-10-02,NYR @ DET,5b5466f836933f5fb3ed4b9f267cce75,game_total,over,,6,betus,-105,-115,oddsapi
2026-10-02T21:00:05Z,2026-10-02,NYR @ DET,5b5466f836933f5fb3ed4b9f267cce75,game_total,under,,6,betus,-115,-105,oddsapi
2026-10-02T21:00:05Z,2026-10-02,WSH @ CAR,dfc3a73fc50d3d1c4b58150c834e2e7d,game_ml,CAR,,,fanduel,-146,122,oddsapi
2026-10-02T21:00:05Z,2026-10-02,WSH @ CAR,dfc3a73fc50d3d1c4b58150c834e2e7d,game_ml,WSH,,,fanduel,122,-146,oddsapi
2026-10-02T21:00:05Z,2026-10-02,WSH @ CAR,dfc3a73fc50d3d1c4b58150c834e2e7d,game_pl,CAR,,-1.5,fanduel,164,-205,oddsapi
2026-10-02T21:00:05Z,2026-10-02,WSH @ CAR,dfc3a73fc50d3d1c4b58150c834e2e7d,game_pl,WSH,,1.5,fanduel,-205,164,oddsapi
2026-10-02T21:00:05Z,2026-10-02,WSH @ CAR,dfc3a73fc50d3d1c4b58150c834e2e7d,game_total,over,,6.5,fanduel,106,-130,oddsapi
2026-10-02T21:00:05Z,2026-10-02,WSH @ CAR,dfc3a73fc50d3d1c4b58150c834e2e7d,game_total,under,,6.5,fanduel,-130,106,oddsapi
2026-10-02T21:00:05Z,2026-10-02,WSH @ CAR,dfc3a73fc50d3d1c4b58150c834e2e7d,game_ml,CAR,,,fanatics,-145,120,oddsapi
2026-10-02T21:00:05Z,2026-10-02,WSH @ CAR,dfc3a73fc50d3d1c4b58150c834e2e7d,game_ml,WSH,,,fanatics,120,-145,oddsapi
2026-10-02T21:00:05Z,2026-10-02,WSH @ CAR,dfc3a73fc50d3d1c4b58150c834e2e7d,game_pl,CAR,,-1.5,fanatics,165,-205,oddsapi
2026-10-02T21:00:05Z,2026-10-02,WSH @ CAR,dfc3a73fc50d3d1c4b58150c834e2e7d,game_pl,WSH,,1.5,fanatics,-205,165,oddsapi
2026-10-02T21:00:05Z,2026-10-02,WSH @ CAR,dfc3a73fc50d3d1c4b58150c834e2e7d,game_total,over,,6.5,fanatics,110,-135,oddsapi
2026-10-02T21:00:05Z,2026-10-02,WSH @ CAR,dfc3a73fc50d3d1c4b58150c834e2e7d,game_total,under,,6.5,fanatics,-135,110,oddsapi
2026-10-02T21:00:05Z,2026-10-02,WSH @ CAR,dfc3a73fc50d3d1c4b58150c834e2e7d,game_ml,CAR,,,draftkings,-148,124,oddsapi
2026-10-02T21:00:05Z,2026-10-02,WSH @ CAR,dfc3a73fc50d3d1c4b58150c834e2e7d,game_ml,WSH,,,draftkings,124,-148,oddsapi
2026-10-02T21:00:05Z,2026-10-02,WSH @ CAR,dfc3a73fc50d3d1c4b58150c834e2e7d,game_pl,CAR,,-1.5,draftkings,170,-205,oddsapi
2026-10-02T21:00:05Z,2026-10-02,WSH @ CAR,dfc3a73fc50d3d1c4b58150c834e2e7d,game_pl,WSH,,1.5,draftkings,-205,170,oddsapi
2026-10-02T21:00:05Z,2026-10-02,WSH @ CAR,dfc3a73fc50d3d1c4b58150c834e2e7d,game_total,over,,6.5,draftkings,110,-130,oddsapi
2026-10-02T21:00:05Z,2026-10-02,WSH @ CAR,dfc3a73fc50d3d1c4b58150c834e2e7d,game_total,under,,6.5,draftkings,-130,110,oddsapi
2026-10-02T21:00:05Z,2026-10-02,WSH @ CAR,dfc3a73fc50d3d1c4b58150c834e2e7d,game_ml,CAR,,,williamhill_us,-143,121,oddsapi
2026-10-02T21:00:05Z,2026-10-02,WSH @ CAR,dfc3a73fc50d3d1c4b58150c834e2e7d,game_ml,WSH,,,williamhill_us,121,-143,oddsapi
2026-10-02T21:00:05Z,2026-10-02,WSH @ CAR,dfc3a73fc50d3d1c4b58150c834e2e7d,game_total,over,,6,williamhill_us,-120,100,oddsapi
2026-10-02T21:00:05Z,2026-10-02,WSH @ CAR,dfc3a73fc50d3d1c4b58150c834e2e7d,game_total,under,,6,williamhill_us,100,-120,oddsapi
2026-10-02T21:00:05Z,2026-10-02,WSH @ CAR,dfc3a73fc50d3d1c4b58150c834e2e7d,game_ml,CAR,,,betrivers,-137,116,oddsapi
2026-10-02T21:00:05Z,2026-10-02,WSH @ CAR,dfc3a73fc50d3d1c4b58150c834e2e7d,game_ml,WSH,,,betrivers,116,-137,oddsapi
2026-10-02T21:00:05Z,2026-10-02,WSH @ CAR,dfc3a73fc50d3d1c4b58150c834e2e7d,game_pl,CAR,,-1.5,betrivers,185,-235,oddsapi
2026-10-02T21:00:05Z,2026-10-02,WSH @ CAR,dfc3a73fc50d3d1c4b58150c834e2e7d,game_pl,WSH,,1.5,betrivers,-235,185,oddsapi
2026-10-02T21:00:05Z,2026-10-02,WSH @ CAR,dfc3a73fc50d3d1c4b58150c834e2e7d,game_total,over,,6.5,betrivers,106,-132,oddsapi
2026-10-02T21:00:05Z,2026-10-02,WSH @ CAR,dfc3a73fc50d3d1c4b58150c834e2e7d,game_total,under,,6.5,betrivers,-132,106,oddsapi
2026-10-02T21:00:05Z,2026-10-02,WSH @ CAR,dfc3a73fc50d3d1c4b58150c834e2e7d,game_ml,CAR,,,lowvig,-143,126,oddsapi
2026-10-02T21:00:05Z,2026-10-02,WSH @ CAR,dfc3a73fc50d3d1c4b58150c834e2e7d,game_ml,WSH,,,lowvig,126,-143,oddsapi
2026-10-02T21:00:05Z,2026-10-02,WSH @ CAR,dfc3a73fc50d3d1c4b58150c834e2e7d,game_pl,CAR,,-1.5,lowvig,178,-207,oddsapi
2026-10-02T21:00:05Z,2026-10-02,WSH @ CAR,dfc3a73fc50d3d1c4b58150c834e2e7d,game_pl,WSH,,1.5,lowvig,-207,178,oddsapi
2026-10-02T21:00:05Z,2026-10-02,WSH @ CAR,dfc3a73fc50d3d1c4b58150c834e2e7d,game_total,over,,6,lowvig,-113,-103,oddsapi
2026-10-02T21:00:05Z,2026-10-02,WSH @ CAR,dfc3a73fc50d3d1c4b58150c834e2e7d,game_total,under,,6,lowvig,-103,-113,oddsapi
2026-10-02T21:00:05Z,2026-10-02,WSH @ CAR,dfc3a73fc50d3d1c4b58150c834e2e7d,game_ml,CAR,,,betonlineag,-143,126,oddsapi
2026-10-02T21:00:05Z,2026-10-02,WSH @ CAR,dfc3a73fc50d3d1c4b58150c834e2e7d,game_ml,WSH,,,betonlineag,126,-143,oddsapi
2026-10-02T21:00:05Z,2026-10-02,WSH @ CAR,dfc3a73fc50d3d1c4b58150c834e2e7d,game_pl,CAR,,-1.5,betonlineag,178,-207,oddsapi
2026-10-02T21:00:05Z,2026-10-02,WSH @ CAR,dfc3a73fc50d3d1c4b58150c834e2e7d,game_pl,WSH,,1.5,betonlineag,-207,178,oddsapi
2026-10-02T21:00:05Z,2026-10-02,WSH @ CAR,dfc3a73fc50d3d1c4b58150c834e2e7d,game_total,over,,6,betonlineag,-113,-103,oddsapi
2026-10-02T21:00:05Z,2026-10-02,WSH @ CAR,dfc3a73fc50d3d1c4b58150c834e2e7d,game_total,under,,6,betonlineag,-103,-113,oddsapi
2026-10-02T21:00:05Z,2026-10-02,WSH @ CAR,dfc3a73fc50d3d1c4b58150c834e2e7d,game_ml,CAR,,,betmgm,-150,125,oddsapi
2026-10-02T21:00:05Z,2026-10-02,WSH @ CAR,dfc3a73fc50d3d1c4b58150c834e2e7d,game_ml,WSH,,,betmgm,125,-150,oddsapi
2026-10-02T21:00:05Z,2026-10-02,WSH @ CAR,dfc3a73fc50d3d1c4b58150c834e2e7d,game_pl,CAR,,-1.5,betmgm,155,-190,oddsapi
2026-10-02T21:00:05Z,2026-10-02,WSH @ CAR,dfc3a73fc50d3d1c4b58150c834e2e7d,game_pl,WSH,,1.5,betmgm,-190,155,oddsapi
2026-10-02T21:00:05Z,2026-10-02,WSH @ CAR,dfc3a73fc50d3d1c4b58150c834e2e7d,game_total,over,,6,betmgm,-118,-102,oddsapi
2026-10-02T21:00:05Z,2026-10-02,WSH @ CAR,dfc3a73fc50d3d1c4b58150c834e2e7d,game_total,under,,6,betmgm,-102,-118,oddsapi
2026-10-02T21:00:05Z,2026-10-02,WSH @ CAR,dfc3a73fc50d3d1c4b58150c834e2e7d,game_ml,CAR,,,betus,-145,125,oddsapi
2026-10-02T21:00:05Z,2026-10-02,WSH @ CAR,dfc3a73fc50d3d1c4b58150c834e2e7d,game_ml,WSH,,,betus,125,-145,oddsapi
2026-10-02T21:00:05Z,2026-10-02,WSH @ CAR,dfc3a73fc50d3d1c4b58150c834e2e7d,game_pl,CAR,,-1.5,betus,176,-205,oddsapi
2026-10-02T21:00:05Z,2026-10-02,WSH @ CAR,dfc3a73fc50d3d1c4b58150c834e2e7d,game_pl,WSH,,1.5,betus,-205,176,oddsapi
2026-10-02T21:00:05Z,2026-10-02,WSH @ CAR,dfc3a73fc50d3d1c4b58150c834e2e7d,game_total,over,,6,betus,-115,-105,oddsapi
2026-10-02T21:00:05Z,2026-10-02,WSH @ CAR,dfc3a73fc50d3d1c4b58150c834e2e7d,game_total,under,,6,betus,-105,-115,oddsapi
2026-10-02T21:00:05Z,2026-10-02,WSH @ CAR,dfc3a73fc50d3d1c4b58150c834e2e7d,game_ml,CAR,,,bovada,-150,130,oddsapi
2026-10-02T21:00:05Z,2026-10-02,WSH @ CAR,dfc3a73fc50d3d1c4b58150c834e2e7d,game_ml,WSH,,,bovada,130,-150,oddsapi
2026-10-02T21:00:05Z,2026-10-02,WSH @ CAR,dfc3a73fc50d3d1c4b58150c834e2e7d,game_pl,CAR,,-1.5,bovada,170,-200,oddsapi
2026-10-02T21:00:05Z,2026-10-02,WSH @ CAR,dfc3a73fc50d3d1c4b58150c834e2e7d,game_pl,WSH,,1.5,bovada,-200,170,oddsapi
2026-10-02T21:00:05Z,2026-10-02,WSH @ CAR,dfc3a73fc50d3d1c4b58150c834e2e7d,game_total,over,,6,bovada,-117,-103,oddsapi
2026-10-02T21:00:05Z,2026-10-02,WSH @ CAR,dfc3a73fc50d3d1c4b58150c834e2e7d,game_total,under,,6,bovada,-103,-117,oddsapi
2026-10-02T21:00:05Z,2026-10-02,WSH @ CAR,dfc3a73fc50d3d1c4b58150c834e2e7d,game_ml,CAR,,,mybookieag,-147,120,oddsapi
2026-10-02T21:00:05Z,2026-10-02,WSH @ CAR,dfc3a73fc50d3d1c4b58150c834e2e7d,game_ml,WSH,,,mybookieag,120,-147,oddsapi
2026-10-02T21:00:05Z,2026-10-02,WSH @ CAR,dfc3a73fc50d3d1c4b58150c834e2e7d,game_pl,CAR,,-1.5,mybookieag,162,-202,oddsapi
2026-10-02T21:00:05Z,2026-10-02,WSH @ CAR,dfc3a73fc50d3d1c4b58150c834e2e7d,game_pl,WSH,,1.5,mybookieag,-202,162,oddsapi
2026-10-02T21:00:05Z,2026-10-02,WSH @ CAR,dfc3a73fc50d3d1c4b58150c834e2e7d,game_total,over,,6,mybookieag,-116,-105,oddsapi
2026-10-02T21:00:05Z,2026-10-02,WSH @ CAR,dfc3a73fc50d3d1c4b58150c834e2e7d,game_total,under,,6,mybookieag,-105,-116,oddsapi
2026-10-02T21:00:05Z,2026-10-02,BOS @ WPG,f5a9759e52a784d5fdcc1f3a2fcfc5a2,game_ml,BOS,,,draftkings,102,-122,oddsapi
2026-10-02T21:00:05Z,2026-10-02,BOS @ WPG,f5a9759e52a784d5fdcc1f3a2fcfc5a2,game_ml,WPG,,,draftkings,-122,102,oddsapi
2026-10-02T21:00:05Z,2026-10-02,BOS @ WPG,f5a9759e52a784d5fdcc1f3a2fcfc5a2,game_pl,BOS,,1.5,draftkings,-250,205,oddsapi
2026-10-02T21:00:05Z,2026-10-02,BOS @ WPG,f5a9759e52a784d5fdcc1f3a2fcfc5a2,game_pl,WPG,,-1.5,draftkings,205,-250,oddsapi
2026-10-02T21:00:05Z,2026-10-02,BOS @ WPG,f5a9759e52a784d5fdcc1f3a2fcfc5a2,game_total,over,,5.5,draftkings,-125,105,oddsapi
2026-10-02T21:00:05Z,2026-10-02,BOS @ WPG,f5a9759e52a784d5fdcc1f3a2fcfc5a2,game_total,under,,5.5,draftkings,105,-125,oddsapi
2026-10-02T21:00:05Z,2026-10-02,BOS @ WPG,f5a9759e52a784d5fdcc1f3a2fcfc5a2,game_ml,BOS,,,williamhill_us,101,-120,oddsapi
2026-10-02T21:00:05Z,2026-10-02,BOS @ WPG,f5a9759e52a784d5fdcc1f3a2fcfc5a2,game_ml,WPG,,,williamhill_us,-120,101,oddsapi
2026-10-02T21:00:05Z,2026-10-02,BOS @ WPG,f5a9759e52a784d5fdcc1f3a2fcfc5a2,game_total,over,,5.5,williamhill_us,-125,105,oddsapi
2026-10-02T21:00:05Z,2026-10-02,BOS @ WPG,f5a9759e52a784d5fdcc1f3a2fcfc5a2,game_total,under,,5.5,williamhill_us,105,-125,oddsapi
2026-10-02T21:00:05Z,2026-10-02,BOS @ WPG,f5a9759e52a784d5fdcc1f3a2fcfc5a2,game_ml,BOS,,,bovada,102,-122,oddsapi
2026-10-02T21:00:05Z,2026-10-02,BOS @ WPG,f5a9759e52a784d5fdcc1f3a2fcfc5a2,game_ml,WPG,,,bovada,-122,102,oddsapi
2026-10-02T21:00:05Z,2026-10-02,BOS @ WPG,f5a9759e52a784d5fdcc1f3a2fcfc5a2,game_pl,BOS,,1.5,bovada,-250,210,oddsapi
2026-10-02T21:00:05Z,2026-10-02,BOS @ WPG,f5a9759e52a784d5fdcc1f3a2fcfc5a2,game_pl,WPG,,-1.5,bovada,210,-250,oddsapi
2026-10-02T21:00:05Z,2026-10-02,BOS @ WPG,f5a9759e52a784d5fdcc1f3a2fcfc5a2,game_total,over,,6,bovada,-105,-115,oddsapi
2026-10-02T21:00:05Z,2026-10-02,BOS @ WPG,f5a9759e52a784d5fdcc1f3a2fcfc5a2,game_total,under,,6,bovada,-115,-105,oddsapi
2026-10-02T21:00:05Z,2026-10-02,BOS @ WPG,f5a9759e52a784d5fdcc1f3a2fcfc5a2,game_ml,BOS,,,betmgm,100,-120,oddsapi
2026-10-02T21:00:05Z,2026-10-02,BOS @ WPG,f5a9759e52a784d5fdcc1f3a2fcfc5a2,game_ml,WPG,,,betmgm,-120,100,oddsapi
2026-10-02T21:00:05Z,2026-10-02,BOS @ WPG,f5a9759e52a784d5fdcc1f3a2fcfc5a2,game_pl,BOS,,1.5,betmgm,-235,195,oddsapi
2026-10-02T21:00:05Z,2026-10-02,BOS @ WPG,f5a9759e52a784d5fdcc1f3a2fcfc5a2,game_pl,WPG,,-1.5,betmgm,195,-235,oddsapi
2026-10-02T21:00:05Z,2026-10-02,BOS @ WPG,f5a9759e52a784d5fdcc1f3a2fcfc5a2,game_total,over,,6,betmgm,-110,-110,oddsapi
2026-10-02T21:00:05Z,2026-10-02,BOS @ WPG,f5a9759e52a784d5fdcc1f3a2fcfc5a2,game_total,under,,6,betmgm,-110,-110,oddsapi
2026-10-02T21:00:05Z,2026-10-02,BOS @ WPG,f5a9759e52a784d5fdcc1f3a2fcfc5a2,game_ml,BOS,,,fanatics,100,-120,oddsapi
2026-10-02T21:00:05Z,2026-10-02,BOS @ WPG,f5a9759e52a784d5fdcc1f3a2fcfc5a2,game_ml,WPG,,,fanatics,-120,100,oddsapi
2026-10-02T21:00:05Z,2026-10-02,BOS @ WPG,f5a9759e52a784d5fdcc1f3a2fcfc5a2,game_pl,BOS,,1.5,fanatics,-255,200,oddsapi
2026-10-02T21:00:05Z,2026-10-02,BOS @ WPG,f5a9759e52a784d5fdcc1f3a2fcfc5a2,game_pl,WPG,,-1.5,fanatics,200,-255,oddsapi
2026-10-02T21:00:05Z,2026-10-02,BOS @ WPG,f5a9759e52a784d5fdcc1f3a2fcfc5a2,game_total,over,,5.5,fanatics,-125,105,oddsapi
2026-10-02T21:00:05Z,2026-10-02,BOS @ WPG,f5a9759e52a784d5fdcc1f3a2fcfc5a2,game_total,under,,5.5,fanatics,105,-125,oddsapi
2026-10-02T21:00:05Z,2026-10-02,BOS @ WPG,f5a9759e52a784d5fdcc1f3a2fcfc5a2,game_ml,BOS,,,mybookieag,104,-127,oddsapi
2026-10-02T21:00:05Z,2026-10-02,BOS @ WPG,f5a9759e52a784d5fdcc1f3a2fcfc5a2,game_ml,WPG,,,mybookieag,-127,104,oddsapi
2026-10-02T21:00:05Z,2026-10-02,BOS @ WPG,f5a9759e52a784d5fdcc1f3a2fcfc5a2,game_pl,BOS,,1.5,mybookieag,-238,189,oddsapi
2026-10-02T21:00:05Z,2026-10-02,BOS @ WPG,f5a9759e52a784d5fdcc1f3a2fcfc5a2,game_pl,WPG,,-1.5,mybookieag,189,-238,oddsapi
2026-10-02T21:00:05Z,2026-10-02,BOS @ WPG,f5a9759e52a784d5fdcc1f3a2fcfc5a2,game_total,over,,6,mybookieag,-102,-120,oddsapi
2026-10-02T21:00:05Z,2026-10-02,BOS @ WPG,f5a9759e52a784d5fdcc1f3a2fcfc5a2,game_total,under,,6,mybookieag,-120,-102,oddsapi
2026-10-02T21:00:05Z,2026-10-02,BOS @ WPG,f5a9759e52a784d5fdcc1f3a2fcfc5a2,game_ml,BOS,,,betrivers,100,-118,oddsapi
2026-10-02T21:00:05Z,2026-10-02,BOS @ WPG,f5a9759e52a784d5fdcc1f3a2fcfc5a2,game_ml,WPG,,,betrivers,-118,100,oddsapi
2026-10-02T21:00:05Z,2026-10-02,BOS @ WPG,f5a9759e52a784d5fdcc1f3a2fcfc5a2,game_pl,BOS,,1.5,betrivers,-286,220,oddsapi
2026-10-02T21:00:05Z,2026-10-02,BOS @ WPG,f5a9759e52a784d5fdcc1f3a2fcfc5a2,game_pl,WPG,,-1.5,betrivers,220,-286,oddsapi
2026-10-02T21:00:05Z,2026-10-02,BOS @ WPG,f5a9759e52a784d5fdcc1f3a2fcfc5a2,game_total,over,,5.5,betrivers,-134,108,oddsapi
2026-10-02T21:00:05Z,2026-10-02,BOS @ WPG,f5a9759e52a784d5fdcc1f3a2fcfc5a2,game_total,under,,5.5,betrivers,108,-134,oddsapi
2026-10-02T21:00:05Z,2026-10-02,BOS @ WPG,f5a9759e52a784d5fdcc1f3a2fcfc5a2,game_ml,BOS,,,betonlineag,103,-117,oddsapi
2026-10-02T21:00:05Z,2026-10-02,BOS @ WPG,f5a9759e52a784d5fdcc1f3a2fcfc5a2,game_ml,WPG,,,betonlineag,-117,103,oddsapi
2026-10-02T21:00:05Z,2026-10-02,BOS @ WPG,f5a9759e52a784d5fdcc1f3a2fcfc5a2,game_pl,BOS,,1.5,betonlineag,-255,211,oddsapi
2026-10-02T21:00:05Z,2026-10-02,BOS @ WPG,f5a9759e52a784d5fdcc1f3a2fcfc5a2,game_pl,WPG,,-1.5,betonlineag,211,-255,oddsapi
2026-10-02T21:00:05Z,2026-10-02,BOS @ WPG,f5a9759e52a784d5fdcc1f3a2fcfc5a2,game_total,over,,5.5,betonlineag,-123,107,oddsapi
2026-10-02T21:00:05Z,2026-10-02,BOS @ WPG,f5a9759e52a784d5fdcc1f3a2fcfc5a2,game_total,under,,5.5,betonlineag,107,-123,oddsapi
2026-10-02T21:00:05Z,2026-10-02,BOS @ WPG,f5a9759e52a784d5fdcc1f3a2fcfc5a2,game_ml,BOS,,,lowvig,103,-117,oddsapi
2026-10-02T21:00:05Z,2026-10-02,BOS @ WPG,f5a9759e52a784d5fdcc1f3a2fcfc5a2,game_ml,WPG,,,lowvig,-117,103,oddsapi
2026-10-02T21:00:05Z,2026-10-02,BOS @ WPG,f5a9759e52a784d5fdcc1f3a2fcfc5a2,game_pl,BOS,,1.5,lowvig,-255,211,oddsapi
2026-10-02T21:00:05Z,2026-10-02,BOS @ WPG,f5a9759e52a784d5fdcc1f3a2fcfc5a2,game_pl,WPG,,-1.5,lowvig,211,-255,oddsapi
2026-10-02T21:00:05Z,2026-10-02,BOS @ WPG,f5a9759e52a784d5fdcc1f3a2fcfc5a2,game_total,over,,5.5,lowvig,-123,107,oddsapi
2026-10-02T21:00:05Z,2026-10-02,BOS @ WPG,f5a9759e52a784d5fdcc1f3a2fcfc5a2,game_total,under,,5.5,lowvig,107,-123,oddsapi
2026-10-02T21:00:05Z,2026-10-02,BOS @ WPG,f5a9759e52a784d5fdcc1f3a2fcfc5a2,game_ml,BOS,,,fanduel,-102,-118,oddsapi
2026-10-02T21:00:05Z,2026-10-02,BOS @ WPG,f5a9759e52a784d5fdcc1f3a2fcfc5a2,game_ml,WPG,,,fanduel,-118,-102,oddsapi
2026-10-02T21:00:05Z,2026-10-02,BOS @ WPG,f5a9759e52a784d5fdcc1f3a2fcfc5a2,game_pl,BOS,,1.5,fanduel,-260,205,oddsapi
2026-10-02T21:00:05Z,2026-10-02,BOS @ WPG,f5a9759e52a784d5fdcc1f3a2fcfc5a2,game_pl,WPG,,-1.5,fanduel,205,-260,oddsapi
2026-10-02T21:00:05Z,2026-10-02,BOS @ WPG,f5a9759e52a784d5fdcc1f3a2fcfc5a2,game_total,over,,5.5,fanduel,-128,104,oddsapi
2026-10-02T21:00:05Z,2026-10-02,BOS @ WPG,f5a9759e52a784d5fdcc1f3a2fcfc5a2,game_total,under,,5.5,fanduel,104,-128,oddsapi
2026-10-02T21:00:05Z,2026-10-02,BOS @ WPG,f5a9759e52a784d5fdcc1f3a2fcfc5a2,game_ml,BOS,,,betus,100,-120,oddsapi
2026-10-02T21:00:05Z,2026-10-02,BOS @ WPG,f5a9759e52a784d5fdcc1f3a2fcfc5a2,game_ml,WPG,,,betus,-120,100,oddsapi
2026-10-02T21:00:05Z,2026-10-02,BOS @ WPG,f5a9759e52a784d5fdcc1f3a2fcfc5a2,game_pl,BOS,,1.5,betus,-255,216,oddsapi
2026-10-02T21:00:05Z,2026-10-02,BOS @ WPG,f5a9759e52a784d5fdcc1f3a2fcfc5a2,game_pl,WPG,,-1.5,betus,216,-255,oddsapi
2026-10-02T21:00:05Z,2026-10-02,BOS @ WPG,f5a9759e52a784d5fdcc1f3a2fcfc5a2,game_total,over,,5.5,betus,-125,105,oddsapi
2026-10-02T21:00:05Z,2026-10-02,BOS @ WPG,f5a9759e52a784d5fdcc1f3a2fcfc5a2,game_total,under,,5.5,betus,105,-125,oddsapi
2026-10-02T21:00:05Z,2026-10-02,STL @ DAL,797f03124f9bb08624b199c28f621c61,game_ml,DAL,,,draftkings,-185,154,oddsapi
2026-10-02T21:00:05Z,2026-10-02,STL @ DAL,797f03124f9bb08624b199c28f621c61,game_ml,STL,,,draftkings,154,-185,oddsapi
2026-10-02T21:00:05Z,2026-10-02,STL @ DAL,797f03124f9bb08624b199c28f621c61,game_pl,DAL,,-1.5,draftkings,145,-175,oddsapi
2026-10-02T21:00:05Z,2026-10-02,STL @ DAL,797f03124f9bb08624b199c28f621c61,game_pl,STL,,1.5,draftkings,-175,145,oddsapi
2026-10-02T21:00:05Z,2026-10-02,STL @ DAL,797f03124f9bb08624b199c28f621c61,game_total,over,,5.5,draftkings,-135,114,oddsapi
2026-10-02T21:00:05Z,2026-10-02,STL @ DAL,797f03124f9bb08624b199c28f621c61,game_total,under,,5.5,draftkings,114,-135,oddsapi
2026-10-02T21:00:05Z,2026-10-02,STL @ DAL,797f03124f9bb08624b199c28f621c61,game_ml,DAL,,,williamhill_us,-182,152,oddsapi
2026-10-02T21:00:05Z,2026-10-02,STL @ DAL,797f03124f9bb08624b199c28f621c61,game_ml,STL,,,williamhill_us,152,-182,oddsapi
2026-10-02T21:00:05Z,2026-10-02,STL @ DAL,797f03124f9bb08624b199c28f621c61,game_total,over,,6,williamhill_us,-105,-115,oddsapi
2026-10-02T21:00:05Z,2026-10-02,STL @ DAL,797f03124f9bb08624b199c28f621c61,game_total,under,,6,williamhill_us,-115,-105,oddsapi
2026-10-02T21:00:05Z,2026-10-02,STL @ DAL,797f03124f9bb08624b199c28f621c61,game_ml,DAL,,,mybookieag,-184,149,oddsapi
2026-10-02T21:00:05Z,2026-10-02,STL @ DAL,797f03124f9bb08624b199c28f621c61,game_ml,STL,,,mybookieag,149,-184,oddsapi
2026-10-02T21:00:05Z,2026-10-02,STL @ DAL,797f03124f9bb08624b199c28f621c61,game_pl,DAL,,-1.5,mybookieag,131,-161,oddsapi
2026-10-02T21:00:05Z,2026-10-02,STL @ DAL,797f03124f9bb08624b199c28f621c61,game_pl,STL,,1.5,mybookieag,-161,131,oddsapi
2026-10-02T21:00:05Z,2026-10-02,STL @ DAL,797f03124f9bb08624b199c28f621c61,game_total,over,,6,mybookieag,-106,-115,oddsapi
2026-10-02T21:00:05Z,2026-10-02,STL @ DAL,797f03124f9bb08624b199c28f621c61,game_total,under,,6,mybookieag,-115,-106,oddsapi
2026-10-02T21:00:05Z,2026-10-02,STL @ DAL,797f03124f9bb08624b199c28f621c61,game_ml,DAL,,,bovada,-185,160,oddsapi
2026-10-02T21:00:05Z,2026-10-02,STL @ DAL,797f03124f9bb08624b199c28f621c61,game_ml,STL,,,bovada,160,-185,oddsapi
2026-10-02T21:00:05Z,2026-10-02,STL @ DAL,797f03124f9bb08624b199c28f621c61,game_pl,DAL,,-1.5,bovada,135,-160,oddsapi
2026-10-02T21:00:05Z,2026-10-02,STL @ DAL,797f03124f9bb08624b199c28f621c61,game_pl,STL,,1.5,bovada,-160,135,oddsapi
2026-10-02T21:00:05Z,2026-10-02,STL @ DAL,797f03124f9bb08624b199c28f621c61,game_total,over,,6,bovada,-108,-112,oddsapi
2026-10-02T21:00:05Z,2026-10-02,STL @ DAL,797f03124f9bb08624b199c28f621c61,game_total,under,,6,bovada,-112,-108,oddsapi
2026-10-02T21:00:05Z,2026-10-02,STL @ DAL,797f03124f9bb08624b199c28f621c61,game_ml,DAL,,,fanatics,-180,150,oddsapi
2026-10-02T21:00:05Z,2026-10-02,STL @ DAL,797f03124f9bb08624b199c28f621c61,game_ml,STL,,,fanatics,150,-180,oddsapi
2026-10-02T21:00:05Z,2026-10-02,STL @ DAL,797f03124f9bb08624b199c28f621c61,game_pl,DAL,,-1.5,fanatics,140,-170,oddsapi
2026-10-02T21:00:05Z,2026-10-02,STL @ DAL,797f03124f9bb08624b199c28f621c61,game_pl,STL,,1.5,fanatics,-170,140,oddsapi
2026-10-02T21:00:05Z,2026-10-02,STL @ DAL,797f03124f9bb08624b199c28f621c61,game_total,over,,5.5,fanatics,-135,110,oddsapi
2026-10-02T21:00:05Z,2026-10-02,STL @ DAL,797f03124f9bb08624b199c28f621c61,game_total,under,,5.5,fanatics,110,-135,oddsapi
2026-10-02T21:00:05Z,2026-10-02,STL @ DAL,797f03124f9bb08624b199c28f621c61,game_ml,DAL,,,betmgm,-190,154,oddsapi
2026-10-02T21:00:05Z,2026-10-02,STL @ DAL,797f03124f9bb08624b199c28f621c61,game_ml,STL,,,betmgm,154,-190,oddsapi
2026-10-02T21:00:05Z,2026-10-02,STL @ DAL,797f03124f9bb08624b199c28f621c61,game_pl,DAL,,-1.5,betmgm,125,-155,oddsapi
2026-10-02T21:00:05Z,2026-10-02,STL @ DAL,797f03124f9bb08624b199c28f621c61,game_pl,STL,,1.5,betmgm,-155,125,oddsapi
2026-10-02T21:00:05Z,2026-10-02,STL @ DAL,797f03124f9bb08624b199c28f621c61,game_total,over,,6,betmgm,-110,-110,oddsapi
2026-10-02T21:00:05Z,2026-10-02,STL @ DAL,797f03124f9bb08624b199c28f621c61,game_total,under,,6,betmgm,-110,-110,oddsapi
2026-10-02T21:00:05Z,2026-10-02,STL @ DAL,797f03124f9bb08624b199c28f621c61,game_ml,DAL,,,fanduel,-182,150,oddsapi
2026-10-02T21:00:05Z,2026-10-02,STL @ DAL,797f03124f9bb08624b199c28f621c61,game_ml,STL,,,fanduel,150,-182,oddsapi
2026-10-02T21:00:05Z,2026-10-02,STL @ DAL,797f03124f9bb08624b199c28f621c61,game_pl,DAL,,-1.5,fanduel,138,-170,oddsapi
2026-10-02T21:00:05Z,2026-10-02,STL @ DAL,797f03124f9bb08624b199c28f621c61,game_pl,STL,,1.5,fanduel,-170,138,oddsapi
2026-10-02T21:00:05Z,2026-10-02,STL @ DAL,797f03124f9bb08624b199c28f621c61,game_total,over,,5.5,fanduel,-130,106,oddsapi
2026-10-02T21:00:05Z,2026-10-02,STL @ DAL,797f03124f9bb08624b199c28f621c61,game_total,under,,5.5,fanduel,106,-130,oddsapi
2026-10-02T21:00:05Z,2026-10-02,STL @ DAL,797f03124f9bb08624b199c28f621c61,game_ml,DAL,,,betrivers,-195,160,oddsapi
2026-10-02T21:00:05Z,2026-10-02,STL @ DAL,797f03124f9bb08624b199c28f621c61,game_ml,STL,,,betrivers,160,-195,oddsapi
2026-10-02T21:00:05Z,2026-10-02,STL @ DAL,797f03124f9bb08624b199c28f621c61,game_pl,DAL,,-1.5,betrivers,138,-175,oddsapi
2026-10-02T21:00:05Z,2026-10-02,STL @ DAL,797f03124f9bb08624b199c28f621c61,game_pl,STL,,1.5,betrivers,-175,138,oddsapi
2026-10-02T21:00:05Z,2026-10-02,STL @ DAL,797f03124f9bb08624b199c28f621c61,game_total,over,,5.5,betrivers,-129,104,oddsapi
2026-10-02T21:00:05Z,2026-10-02,STL @ DAL,797f03124f9bb08624b199c28f621c61,game_total,under,,5.5,betrivers,104,-129,oddsapi
2026-10-02T21:00:05Z,2026-10-02,STL @ DAL,797f03124f9bb08624b199c28f621c61,game_ml,DAL,,,betonlineag,-179,157,oddsapi
2026-10-02T21:00:05Z,2026-10-02,STL @ DAL,797f03124f9bb08624b199c28f621c61,game_ml,STL,,,betonlineag,157,-179,oddsapi
2026-10-02T21:00:05Z,2026-10-02,STL @ DAL,797f03124f9bb08624b199c28f621c61,game_pl,DAL,,-1.5,betonlineag,145,-165,oddsapi
2026-10-02T21:00:05Z,2026-10-02,STL @ DAL,797f03124f9bb08624b199c28f621c61,game_pl,STL,,1.5,betonlineag,-165,145,oddsapi
2026-10-02T21:00:05Z,2026-10-02,STL @ DAL,797f03124f9bb08624b199c28f621c61,game_total,over,,6,betonlineag,-108,-108,oddsapi
2026-10-02T21:00:05Z,2026-10-02,STL @ DAL,797f03124f9bb08624b199c28f621c61,game_total,under,,6,betonlineag,-108,-108,oddsapi
2026-10-02T21:00:05Z,2026-10-02,STL @ DAL,797f03124f9bb08624b199c28f621c61,game_ml,DAL,,,lowvig,-179,157,oddsapi
2026-10-02T21:00:05Z,2026-10-02,STL @ DAL,797f03124f9bb08624b199c28f621c61,game_ml,STL,,,lowvig,157,-179,oddsapi
2026-10-02T21:00:05Z,2026-10-02,STL @ DAL,797f03124f9bb08624b199c28f621c61,game_pl,DAL,,-1.5,lowvig,145,-165,oddsapi
2026-10-02T21:00:05Z,2026-10-02,STL @ DAL,797f03124f9bb08624b199c28f621c61,game_pl,STL,,1.5,lowvig,-165,145,oddsapi
2026-10-02T21:00:05Z,2026-10-02,STL @ DAL,797f03124f9bb08624b199c28f621c61,game_total,over,,6,lowvig,-108,-108,oddsapi
2026-10-02T21:00:05Z,2026-10-02,STL @ DAL,797f03124f9bb08624b199c28f621c61,game_total,under,,6,lowvig,-108,-108,oddsapi
2026-10-02T21:00:05Z,2026-10-02,STL @ DAL,797f03124f9bb08624b199c28f621c61,game_ml,DAL,,,betus,-185,159,oddsapi
2026-10-02T21:00:05Z,2026-10-02,STL @ DAL,797f03124f9bb08624b199c28f621c61,game_ml,STL,,,betus,159,-185,oddsapi
2026-10-02T21:00:05Z,2026-10-02,STL @ DAL,797f03124f9bb08624b199c28f621c61,game_pl,DAL,,-1.5,betus,144,-165,oddsapi
2026-10-02T21:00:05Z,2026-10-02,STL @ DAL,797f03124f9bb08624b199c28f621c61,game_pl,STL,,1.5,betus,-165,144,oddsapi
2026-10-02T21:00:05Z,2026-10-02,STL @ DAL,797f03124f9bb08624b199c28f621c61,game_total,over,,6,betus,-110,-110,oddsapi
2026-10-02T21:00:05Z,2026-10-02,STL @ DAL,797f03124f9bb08624b199c28f621c61,game_total,under,,6,betus,-110,-110,oddsapi
2026-10-02T21:00:05Z,2026-10-02,ANA @ VGK,bae72d1f63e132b366d199db2807c4df,game_ml,ANA,,,draftkings,170,-205,oddsapi
2026-10-02T21:00:05Z,2026-10-02,ANA @ VGK,bae72d1f63e132b366d199db2807c4df,game_ml,VGK,,,draftkings,-205,170,oddsapi
2026-10-02T21:00:05Z,2026-10-02,ANA @ VGK,bae72d1f63e132b366d199db2807c4df,game_pl,ANA,,1.5,draftkings,-148,124,oddsapi
2026-10-02T21:00:05Z,2026-10-02,ANA @ VGK,bae72d1f63e132b366d199db2807c4df,game_pl,VGK,,-1.5,draftkings,124,-148,oddsapi
2026-10-02T21:00:05Z,2026-10-02,ANA @ VGK,bae72d1f63e132b366d199db2807c4df,game_total,over,,6.5,draftkings,-122,102,oddsapi
2026-10-02T21:00:05Z,2026-10-02,ANA @ VGK,bae72d1f63e132b366d199db2807c4df,game_total,under,,6.5,draftkings,102,-122,oddsapi
2026-10-02T21:00:05Z,2026-10-02,ANA @ VGK,bae72d1f63e132b366d199db2807c4df,game_ml,ANA,,,fanatics,165,-200,oddsapi
2026-10-02T21:00:05Z,2026-10-02,ANA @ VGK,bae72d1f63e132b366d199db2807c4df,game_ml,VGK,,,fanatics,-200,165,oddsapi
2026-10-02T21:00:05Z,2026-10-02,ANA @ VGK,bae72d1f63e132b366d199db2807c4df,game_pl,ANA,,1.5,fanatics,-160,130,oddsapi
2026-10-02T21:00:05Z,2026-10-02,ANA @ VGK,bae72d1f63e132b366d199db2807c4df,game_pl,VGK,,-1.5,fanatics,130,-160,oddsapi
2026-10-02T21:00:05Z,2026-10-02,ANA @ VGK,bae72d1f63e132b366d199db2807c4df,game_total,over,,6.5,fanatics,-125,105,oddsapi
2026-10-02T21:00:05Z,2026-10-02,ANA @ VGK,bae72d1f63e132b366d199db2807c4df,game_total,under,,6.5,fanatics,105,-125,oddsapi
2026-10-02T21:00:05Z,2026-10-02,ANA @ VGK,bae72d1f63e132b366d199db2807c4df,game_ml,ANA,,,williamhill_us,163,-197,oddsapi
2026-10-02T21:00:05Z,2026-10-02,ANA @ VGK,bae72d1f63e132b366d199db2807c4df,game_ml,VGK,,,williamhill_us,-197,163,oddsapi
2026-10-02T21:00:05Z,2026-10-02,ANA @ VGK,bae72d1f63e132b366d199db2807c4df,game_total,over,,6.5,williamhill_us,-125,105,oddsapi
2026-10-02T21:00:05Z,2026-10-02,ANA @ VGK,bae72d1f63e132b366d199db2807c4df,game_total,under,,6.5,williamhill_us,105,-125,oddsapi
2026-10-02T21:00:05Z,2026-10-02,ANA @ VGK,bae72d1f63e132b366d199db2807c4df,game_ml,ANA,,,fanduel,172,-210,oddsapi
2026-10-02T21:00:05Z,2026-10-02,ANA @ VGK,bae72d1f63e132b366d199db2807c4df,game_ml,VGK,,,fanduel,-210,172,oddsapi
2026-10-02T21:00:05Z,2026-10-02,ANA @ VGK,bae72d1f63e132b366d199db2807c4df,game_pl,ANA,,1.5,fanduel,-138,112,oddsapi
2026-10-02T21:00:05Z,2026-10-02,ANA @ VGK,bae72d1f63e132b366d199db2807c4df,game_pl,VGK,,-1.5,fanduel,112,-138,oddsapi
2026-10-02T21:00:05Z,2026-10-02,ANA @ VGK,bae72d1f63e132b366d199db2807c4df,game_total,over,,6.5,fanduel,-122,100,oddsapi
2026-10-02T21:00:05Z,2026-10-02,ANA @ VGK,bae72d1f63e132b366d199db2807c4df,game_total,under,,6.5,fanduel,100,-122,oddsapi
2026-10-02T21:00:05Z,2026-10-02,ANA @ VGK,bae72d1f63e132b366d199db2807c4df,game_ml,ANA,,,betrivers,165,-200,oddsapi
2026-10-02T21:00:05Z,2026-10-02,ANA @ VGK,bae72d1f63e132b366d199db2807c4df,game_ml,VGK,,,betrivers,-200,165,oddsapi
2026-10-02T21:00:05Z,2026-10-02,ANA @ VGK,bae72d1f63e132b366d199db2807c4df,game_pl,ANA,,1.5,betrivers,-155,123,oddsapi
2026-10-02T21:00:05Z,2026-10-02,ANA @ VGK,bae72d1f63e132b366d199db2807c4df,game_pl,VGK,,-1.5,betrivers,123,-155,oddsapi
2026-10-02T21:00:05Z,2026-10-02,ANA @ VGK,bae72d1f63e132b366d199db2807c4df,game_total,over,,6.5,betrivers,-117,-107,oddsapi
2026-10-02T21:00:05Z,2026-10-02,ANA @ VGK,bae72d1f63e132b366d199db2807c4df,game_total,under,,6.5,betrivers,-107,-117,oddsapi
2026-10-02T21:00:05Z,2026-10-02,ANA @ VGK,bae72d1f63e132b366d199db2807c4df,game_ml,ANA,,,betonlineag,171,-195,oddsapi
2026-10-02T21:00:05Z,2026-10-02,ANA @ VGK,bae72d1f63e132b366d199db2807c4df,game_ml,VGK,,,betonlineag,-195,171,oddsapi
2026-10-02T21:00:05Z,2026-10-02,ANA @ VGK,bae72d1f63e132b366d199db2807c4df,game_pl,ANA,,1.5,betonlineag,-148,128,oddsapi
2026-10-02T21:00:05Z,2026-10-02,ANA @ VGK,bae72d1f63e132b366d199db2807c4df,game_pl,VGK,,-1.5,betonlineag,128,-148,oddsapi
2026-10-02T21:00:05Z,2026-10-02,ANA @ VGK,bae72d1f63e132b366d199db2807c4df,game_total,over,,6.5,betonlineag,-122,106,oddsapi
2026-10-02T21:00:05Z,2026-10-02,ANA @ VGK,bae72d1f63e132b366d199db2807c4df,game_total,under,,6.5,betonlineag,106,-122,oddsapi
2026-10-02T21:00:05Z,2026-10-02,ANA @ VGK,bae72d1f63e132b366d199db2807c4df,game_ml,ANA,,,lowvig,171,-195,oddsapi
2026-10-02T21:00:05Z,2026-10-02,ANA @ VGK,bae72d1f63e132b366d199db2807c4df,game_ml,VGK,,,lowvig,-195,171,oddsapi
2026-10-02T21:00:05Z,2026-10-02,ANA @ VGK,bae72d1f63e132b366d199db2807c4df,game_pl,ANA,,1.5,lowvig,-148,128,oddsapi
2026-10-02T21:00:05Z,2026-10-02,ANA @ VGK,bae72d1f63e132b366d199db2807c4df,game_pl,VGK,,-1.5,lowvig,128,-148,oddsapi
2026-10-02T21:00:05Z,2026-10-02,ANA @ VGK,bae72d1f63e132b366d199db2807c4df,game_total,over,,6.5,lowvig,-122,106,oddsapi
2026-10-02T21:00:05Z,2026-10-02,ANA @ VGK,bae72d1f63e132b366d199db2807c4df,game_total,under,,6.5,lowvig,106,-122,oddsapi
2026-10-02T21:00:05Z,2026-10-02,ANA @ VGK,bae72d1f63e132b366d199db2807c4df,game_ml,ANA,,,betmgm,170,-210,oddsapi
2026-10-02T21:00:05Z,2026-10-02,ANA @ VGK,bae72d1f63e132b366d199db2807c4df,game_ml,VGK,,,betmgm,-210,170,oddsapi
2026-10-02T21:00:05Z,2026-10-02,ANA @ VGK,bae72d1f63e132b366d199db2807c4df,game_pl,ANA,,1.5,betmgm,-135,110,oddsapi
2026-10-02T21:00:05Z,2026-10-02,ANA @ VGK,bae72d1f63e132b366d199db2807c4df,game_pl,VGK,,-1.5,betmgm,110,-135,oddsapi
2026-10-02T21:00:05Z,2026-10-02,ANA @ VGK,bae72d1f63e132b366d199db2807c4df,game_total,over,,6.5,betmgm,-130,105,oddsapi
2026-10-02T21:00:05Z,2026-10-02,ANA @ VGK,bae72d1f63e132b366d199db2807c4df,game_total,under,,6.5,betmgm,105,-130,oddsapi
2026-10-02T21:00:05Z,2026-10-02,ANA @ VGK,bae72d1f63e132b366d199db2807c4df,game_ml,ANA,,,betus,170,-200,oddsapi
2026-10-02T21:00:05Z,2026-10-02,ANA @ VGK,bae72d1f63e132b366d199db2807c4df,game_ml,VGK,,,betus,-200,170,oddsapi
2026-10-02T21:00:05Z,2026-10-02,ANA @ VGK,bae72d1f63e132b366d199db2807c4df,game_pl,ANA,,1.5,betus,-140,120,oddsapi
2026-10-02T21:00:05Z,2026-10-02,ANA @ VGK,bae72d1f63e132b366d199db2807c4df,game_pl,VGK,,-1.5,betus,120,-140,oddsapi
2026-10-02T21:00:05Z,2026-10-02,ANA @ VGK,bae72d1f63e132b366d199db2807c4df,game_total,over,,6.5,betus,-125,105,oddsapi
2026-10-02T21:00:05Z,2026-10-02,ANA @ VGK,bae72d1f63e132b366d199db2807c4df,game_total,under,,6.5,betus,105,-125,oddsapi
2026-10-02T21:00:05Z,2026-10-02,ANA @ VGK,bae72d1f63e132b366d199db2807c4df,game_ml,ANA,,,bovada,170,-200,oddsapi
2026-10-02T21:00:05Z,2026-10-02,ANA @ VGK,bae72d1f63e132b366d199db2807c4df,game_ml,VGK,,,bovada,-200,170,oddsapi
2026-10-02T21:00:05Z,2026-10-02,ANA @ VGK,bae72d1f63e132b366d199db2807c4df,game_pl,ANA,,1.5,bovada,-145,125,oddsapi
2026-10-02T21:00:05Z,2026-10-02,ANA @ VGK,bae72d1f63e132b366d199db2807c4df,game_pl,VGK,,-1.5,bovada,125,-145,oddsapi
2026-10-02T21:00:05Z,2026-10-02,ANA @ VGK,bae72d1f63e132b366d199db2807c4df,game_total,over,,6.5,bovada,-125,105,oddsapi
2026-10-02T21:00:05Z,2026-10-02,ANA @ VGK,bae72d1f63e132b366d199db2807c4df,game_total,under,,6.5,bovada,105,-125,oddsapi
2026-10-02T21:00:05Z,2026-10-02,ANA @ VGK,bae72d1f63e132b366d199db2807c4df,game_ml,ANA,,,mybookieag,160,-199,oddsapi
2026-10-02T21:00:05Z,2026-10-02,ANA @ VGK,bae72d1f63e132b366d199db2807c4df,game_ml,VGK,,,mybookieag,-199,160,oddsapi
2026-10-02T21:00:05Z,2026-10-02,ANA @ VGK,bae72d1f63e132b366d199db2807c4df,game_pl,ANA,,1.5,mybookieag,-142,116,oddsapi
2026-10-02T21:00:05Z,2026-10-02,ANA @ VGK,bae72d1f63e132b366d199db2807c4df,game_pl,VGK,,-1.5,mybookieag,116,-142,oddsapi
2026-10-02T21:00:05Z,2026-10-02,ANA @ VGK,bae72d1f63e132b366d199db2807c4df,game_total,over,,6.5,mybookieag,-123,101,oddsapi
2026-10-02T21:00:05Z,2026-10-02,ANA @ VGK,bae72d1f63e132b366d199db2807c4df,game_total,under,,6.5,mybookieag,101,-123,oddsapi
